"Median",,,,"Variance",,,,"std. Dev.",,,,"peak",,,,"type"
"R","G","B","Gray","R","G","B","Gray","R","G","B","Gray","R","G","B","Gray","0 = Obstructed / 1 = Clear (open or close)"
170,149,146,138,769,89,69,87,28,9,8,9,442,62,76,65,0
172,148,147,150,613,80,65,76,25,9,8,9,394,51,57,58,0
140,111,105,114,544,74,53,66,23,9,7,8,369,64,39,52,0
154,127,123,116,502,69,56,57,22,8,7,8,355,53,38,43,0
168,145,141,117,660,71,73,66,26,8,9,8,410,48,81,56,0
147,120,114,116,444,57,46,53,21,8,7,7,334,41,45,43,0
138,107,103,111,432,62,46,54,21,8,7,7,328,40,43,44,0
140,111,105,114,521,62,57,65,23,8,8,8,362,41,50,50,0
174,151,148,150,844,88,81,75,29,9,9,9,464,64,70,59,0
139,108,102,111,494,67,53,57,22,8,7,8,352,48,44,41,0
131,99,95,105,234,67,45,55,15,8,7,7,234,38,37,35,0
130,98,93,110,218,69,51,55,15,8,7,7,223,36,44,34,0
130,98,95,110,239,68,54,55,15,8,7,7,237,45,38,38,0
138,108,102,112,428,73,50,54,21,9,7,7,325,60,38,37,0
144,112,108,116,573,72,57,60,24,8,8,8,381,53,56,46,0
140,109,103,112,415,67,52,60,20,8,7,8,319,46,50,43,0
138,107,102,111,429,61,59,52,21,8,8,7,329,41,67,42,0
159,131,129,117,2052,159,209,169,45,13,14,13,728,105,180,109,0
170,144,136,117,2304,196,177,198,48,14,13,14,771,100,102,117,0
183,158,157,137,3608,249,315,253,60,16,18,16,965,120,157,132,0
151,123,119,116,3027,226,267,231,55,15,16,15,884,122,178,140,0
139,108,105,111,3144,221,300,208,56,15,17,14,899,140,188,114,0
138,108,104,110,3040,213,269,192,55,15,16,14,884,129,160,111,0
134,104,98,106,2551,211,270,149,51,15,16,12,809,123,146,77,0
137,107,102,111,2489,176,270,213,50,13,16,15,800,86,178,126,0
134,105,99,107,1756,160,167,142,42,13,13,12,672,121,112,95,0
132,101,96,105,994,113,93,111,32,11,10,11,502,71,78,72,0
125,89,88,101,178,79,56,62,13,9,8,8,192,43,34,37,0
130,97,94,109,142,60,48,49,12,8,7,7,174,42,41,31,0
177,154,154,157,755,71,82,65,27,8,9,8,440,66,86,79,0
187,161,161,165,927,78,93,71,30,9,10,8,489,85,103,71,0
199,174,171,173,1238,90,98,67,35,10,10,8,565,82,106,69,0
202,177,175,174,1457,129,135,103,38,11,12,10,613,106,121,102,0
196,171,169,170,1079,109,105,93,33,10,10,10,527,81,96,96,0
195,167,167,169,1897,177,190,177,44,13,14,13,699,132,139,115,0
224,198,192,191,3734,393,386,337,61,20,20,18,982,216,264,217,0
255,230,225,198,6718,681,768,404,82,26,28,20,1317,276,326,209,0
255,226,224,199,7344,752,643,587,86,27,25,24,1377,262,196,301,0
249,220,216,200,6133,688,598,592,78,26,24,24,1258,259,235,327,0
242,212,207,193,7258,743,892,494,85,27,30,22,1368,359,349,252,0
173,139,137,128,5062,425,506,392,71,21,22,20,1142,209,239,178,0
147,111,106,118,4231,282,390,342,65,17,20,18,1044,96,147,124,0
145,109,105,114,3426,251,285,249,59,16,17,16,939,122,135,118,0
140,107,102,111,2451,216,226,194,50,15,15,14,794,136,127,120,0
136,102,97,107,864,118,104,113,29,11,10,11,466,62,98,87,0
137,102,99,109,692,86,71,89,26,9,8,9,417,40,54,66,0
171,148,146,149,231,65,43,51,15,8,7,7,233,44,30,37,0
187,163,163,166,552,74,62,56,23,9,8,8,374,77,62,64,0
204,177,176,179,785,67,64,71,28,8,8,8,449,70,67,102,0
220,194,193,190,1552,132,153,99,39,11,12,10,633,108,146,96,0
255,225,222,212,2570,217,229,105,51,15,15,10,814,158,150,102,0
248,219,216,201,7146,489,616,342,85,22,25,18,1358,183,233,159,0
255,242,236,244,4507,277,408,290,67,17,20,17,1078,153,248,161,0
222,195,194,172,3763,252,309,227,61,16,18,15,985,133,184,128,0
152,117,114,119,3480,285,292,275,59,17,17,17,947,142,195,154,0
178,154,150,121,2798,247,225,240,53,16,15,15,849,135,142,149,0
129,93,92,101,445,84,66,71,21,9,8,8,330,53,56,45,0
125,88,87,101,124,73,48,57,11,9,7,8,155,50,33,33,0
121,83,82,97,79,82,63,58,9,9,8,8,90,57,52,42,0
120,83,80,95,95,89,64,68,10,9,8,8,117,48,43,43,0
106,73,70,85,224,86,71,70,15,9,8,8,220,54,53,40,0
111,78,73,82,309,105,81,88,18,10,9,9,264,61,49,52,0
103,72,67,85,137,80,61,64,12,9,8,8,159,51,45,43,0
168,142,133,111,1884,183,193,148,43,14,14,12,696,99,145,86,0
192,168,165,156,692,96,93,77,26,10,10,9,418,104,119,68,0
198,172,172,171,1166,124,104,78,34,11,10,9,548,106,102,86,0
199,172,172,173,1175,115,114,99,34,11,11,10,550,107,125,121,0
189,164,165,166,924,115,104,69,30,11,10,8,487,98,120,85,0
144,114,106,114,253,56,47,50,16,7,7,7,245,39,53,37,0
128,93,90,101,134,64,42,47,12,8,6,7,168,35,31,34,0
140,110,106,113,886,81,70,80,30,9,8,9,475,55,64,55,0
208,183,182,179,3804,294,365,291,62,17,19,17,991,173,163,183,0
222,195,195,192,4189,363,430,349,65,19,21,19,1040,193,231,176,0
255,224,219,207,3244,309,285,198,57,18,17,14,915,196,169,160,0
242,209,205,203,2669,226,290,198,52,15,17,14,830,149,228,178,0
225,199,196,194,3480,299,445,312,59,17,21,18,948,196,280,178,0
193,167,170,170,1047,79,62,77,32,9,8,9,519,78,62,84,0
202,176,177,175,1843,134,177,84,43,12,13,9,690,126,133,85,0
218,192,191,188,1115,109,115,50,33,10,11,7,536,113,118,62,0
240,212,208,198,2099,243,200,88,46,16,14,9,736,161,124,89,0
246,211,209,198,4181,398,435,373,65,20,21,19,1039,241,203,232,0
237,206,201,190,5157,495,566,272,72,22,24,16,1154,257,291,162,0
203,176,177,175,2650,190,230,198,51,14,15,14,827,110,147,123,0
226,201,199,193,3733,293,351,312,61,17,19,18,982,148,165,222,0
232,204,203,198,3284,248,324,233,57,16,18,15,921,126,208,157,0
248,215,213,194,6001,489,679,275,77,22,26,17,1245,237,242,155,0
228,203,200,191,6857,505,572,493,83,22,24,22,1331,200,189,265,0
225,201,198,195,4022,335,444,315,63,18,21,18,1019,186,259,186,0
236,209,205,199,3398,335,310,248,58,18,18,16,937,214,168,195,0
250,219,213,203,4997,443,517,389,71,21,23,20,1136,208,206,242,0
223,197,197,191,3750,307,317,269,61,18,18,16,984,190,180,175,0
221,196,193,190,4862,338,354,377,70,18,19,19,1121,159,172,204,0
233,207,203,197,4753,369,412,312,69,19,20,18,1108,171,195,187,0
255,223,219,199,7657,613,663,484,88,25,26,22,1406,192,275,256,0
246,216,212,203,5185,400,431,369,72,20,21,19,1157,188,175,217,0
226,201,198,196,2654,181,247,196,52,13,16,14,828,104,150,143,0
227,200,197,196,2467,193,178,188,50,14,13,14,798,107,141,134,0
234,209,203,200,3999,361,330,310,63,19,18,18,1016,198,202,203,0
214,191,190,192,1268,123,120,112,36,11,11,11,572,100,127,109,0
225,199,197,198,1661,131,310,137,41,11,18,12,655,88,201,140,0
239,208,203,205,1442,138,158,108,38,12,13,10,610,131,123,117,0
228,203,199,198,1679,141,293,133,41,12,17,12,658,109,246,132,0
219,192,192,192,620,64,82,52,25,8,9,7,399,64,95,86,0
224,196,197,195,1013,101,327,85,32,10,18,9,511,102,282,112,0
218,192,190,190,1251,125,156,79,35,11,12,9,568,106,159,102,0
228,200,199,192,1128,115,143,49,34,11,12,7,539,106,114,62,0
214,186,188,183,1980,173,256,100,44,13,16,10,715,136,174,103,0
216,187,188,183,2001,184,208,146,45,14,14,12,719,155,191,153,0
216,186,186,180,1963,166,244,105,44,13,16,10,712,129,193,99,0
213,187,187,180,3866,261,585,226,62,16,24,15,999,137,330,135,0
222,187,190,182,2139,241,315,140,46,16,18,12,743,179,238,130,0
251,213,215,192,3673,375,494,330,61,19,22,18,974,176,253,231,0
208,180,183,179,1011,81,62,56,32,9,8,8,510,76,58,73,0
225,195,194,188,2923,236,275,152,54,15,17,12,869,148,182,131,0
222,188,190,187,1428,160,152,143,38,13,12,12,607,114,124,141,0
239,202,204,186,1105,261,289,30,33,16,17,5,534,241,242,67,0
198,172,174,173,856,67,84,60,29,8,9,8,469,72,108,72,0
239,208,208,192,2792,299,365,143,53,17,19,12,849,215,214,138,0
231,200,199,188,1926,209,296,96,44,14,17,10,705,139,187,118,0
207,178,181,180,1026,93,107,78,32,10,10,9,514,102,134,113,0
232,200,200,195,2779,275,416,256,53,17,20,16,847,149,242,212,0
225,196,195,192,1803,197,181,144,42,14,13,12,682,157,126,119,0
217,191,191,186,1268,126,134,79,36,11,12,9,572,104,132,79,0
210,181,184,181,1377,110,169,94,37,11,13,10,596,96,147,116,0
228,199,198,191,2111,170,394,129,46,13,20,11,738,113,287,124,0
237,207,205,189,2137,238,392,75,46,15,20,9,742,168,251,97,0
240,210,208,197,2300,226,335,113,48,15,18,11,770,152,219,109,0
255,225,226,204,3114,311,367,192,56,18,19,14,896,145,207,130,0
223,195,194,195,1186,121,173,80,34,11,13,9,553,111,126,90,0
216,186,187,173,6079,618,610,338,78,25,25,18,1254,242,251,184,0
170,146,149,149,710,78,80,66,27,9,9,8,424,69,78,59,0
124,88,88,101,95,65,52,51,10,8,7,7,128,49,47,40,0
120,83,84,96,78,76,74,63,9,9,9,8,95,42,43,40,0
117,82,82,94,63,74,58,59,8,9,8,8,73,45,30,35,0
122,85,87,97,53,61,55,52,7,8,7,7,64,34,35,32,0
174,152,153,156,123,38,42,33,11,6,6,6,166,35,67,43,0
179,153,157,157,863,95,83,63,29,10,9,8,470,99,65,79,0
185,157,161,164,503,50,44,38,22,7,7,6,358,63,65,50,0
194,163,168,168,572,50,51,41,24,7,7,6,383,57,63,65,0
196,167,171,169,627,58,45,43,25,8,7,7,401,77,49,74,0
195,166,169,168,1108,95,110,73,33,10,10,9,534,100,103,88,0
181,154,157,159,410,48,48,41,20,7,7,6,319,42,49,50,0
178,153,160,160,183,52,51,46,14,7,7,7,199,44,33,40,0
203,176,180,180,862,80,95,88,29,9,10,9,467,60,91,78,0
232,203,202,203,3702,324,381,304,61,18,20,17,977,162,201,198,0
245,214,214,181,6955,405,532,324,83,20,23,18,1340,182,194,164,0
255,224,223,215,6589,422,521,362,81,21,23,19,1304,199,218,182,0
252,219,219,219,5750,335,431,340,76,18,21,18,1218,164,181,180,0
244,212,213,211,6891,442,642,438,83,21,25,21,1334,172,267,210,0
235,207,207,203,4291,330,518,314,66,18,23,18,1053,183,295,196,0
236,208,207,201,4760,358,610,331,69,19,25,18,1109,181,306,166,0
222,197,195,190,1152,131,121,62,34,11,11,8,545,115,104,76,0
214,185,185,184,951,99,88,77,31,10,9,9,495,118,108,111,0
222,193,189,186,1583,157,129,126,40,13,11,11,639,123,99,142,0
255,224,224,204,1926,181,235,95,44,13,15,10,705,162,186,84,0
255,236,236,209,4038,413,351,331,64,20,19,18,1021,237,171,212,0
255,241,239,235,5491,556,435,433,74,24,21,21,1190,194,165,228,0
255,241,239,244,6494,630,531,543,81,25,23,23,1294,264,198,274,0
255,242,241,244,8213,943,850,607,91,31,29,25,1455,336,293,279,0
255,242,241,242,7058,761,666,515,84,28,26,23,1349,275,207,247,0
255,241,241,242,5058,542,407,418,71,23,20,20,1142,240,163,252,0
255,240,237,229,3809,380,482,324,62,20,22,18,991,187,273,229,0
255,241,237,217,3925,520,434,311,63,23,21,18,1006,245,225,192,0
248,215,212,208,1701,167,206,132,41,13,14,11,662,133,141,104,0
236,206,204,203,2548,220,210,183,50,15,15,14,811,143,133,126,0
225,200,199,198,1643,152,234,150,41,12,15,12,651,105,171,160,0
213,188,188,190,1410,111,123,106,38,11,11,10,602,102,127,116,0
205,180,182,184,486,60,59,50,22,8,8,7,346,58,44,39,0
197,171,176,179,301,49,50,54,17,7,7,7,265,29,25,27,0
213,187,190,193,739,61,61,66,27,8,8,8,430,44,40,44,0
222,196,200,200,2055,116,122,138,45,11,11,12,726,75,88,98,0
225,194,203,199,2957,179,188,192,54,13,14,14,874,117,119,155,0
205,182,186,178,2491,126,179,155,50,11,13,12,801,84,151,119,0
201,178,185,180,1222,109,127,115,35,10,11,11,557,86,134,97,0
213,188,196,194,1825,150,162,140,43,12,13,12,680,98,103,96,0
209,184,194,183,2159,146,135,132,46,12,12,11,745,104,77,110,0
163,124,130,139,170,56,47,54,13,7,7,7,188,34,31,32,0
165,122,125,135,278,67,42,57,17,8,6,8,255,37,33,47,0
160,119,118,130,417,84,63,67,20,9,8,8,318,51,68,52,0
156,115,115,127,349,106,45,68,19,10,7,8,288,67,36,46,0
139,104,101,118,166,110,56,86,13,11,7,9,168,65,38,55,0
151,114,112,128,159,87,59,77,13,9,8,9,171,51,46,50,0
154,116,115,127,271,116,72,88,16,11,8,9,245,68,56,65,0
140,108,107,120,210,123,83,103,14,11,9,10,195,78,51,65,0
146,111,108,120,271,137,105,115,16,12,10,11,235,73,63,66,0
144,107,106,114,394,156,117,119,20,12,11,11,294,77,68,64,0
140,102,103,109,342,163,104,102,18,13,10,10,270,107,54,69,0
142,104,106,112,431,145,97,101,21,12,10,10,315,84,55,63,0
146,105,107,114,394,118,98,93,20,11,10,10,303,70,61,64,0
151,112,115,121,624,145,102,98,25,12,10,10,390,88,100,61,0
151,111,112,121,542,120,84,87,23,11,9,9,361,79,72,58,0
153,111,112,120,747,123,86,90,27,11,9,10,433,75,59,60,0
155,118,120,125,1306,120,156,101,36,11,12,10,578,77,145,70,0
154,122,124,125,936,124,111,91,31,11,11,10,483,108,98,78,0
166,123,128,129,1894,178,218,137,44,13,15,12,699,142,197,102,0
176,152,159,142,1583,130,135,128,40,11,12,11,639,99,106,111,0
158,117,119,123,1499,168,134,108,39,13,12,10,622,135,92,113,0
169,128,133,130,1230,102,149,100,35,10,12,10,563,83,155,91,0
162,123,127,128,1326,116,115,123,36,11,11,11,582,82,85,118,0
175,147,159,131,1686,116,170,88,41,11,13,9,660,98,124,83,0
166,125,131,128,1404,121,104,112,37,11,10,11,601,99,63,118,0
164,129,137,133,761,65,70,68,28,8,8,8,442,58,69,82,0
164,125,130,125,1182,101,103,91,34,10,10,10,551,79,82,84,0
158,115,124,123,719,73,92,73,27,9,10,9,427,57,81,57,0
153,112,119,120,766,79,88,80,28,9,9,9,441,81,103,73,0
151,111,113,120,551,67,66,61,23,8,8,8,371,66,61,49,0
166,135,148,139,1025,86,133,97,32,9,12,10,512,58,138,87,0
153,118,126,123,704,72,97,82,27,8,10,9,420,52,82,58,0
147,111,114,118,1160,90,123,103,34,9,11,10,543,62,128,79,0
173,152,163,153,2582,247,243,232,51,16,16,15,815,152,182,165,0
174,150,161,150,2513,242,214,211,50,16,15,15,803,136,148,125,0
177,156,167,161,1894,189,230,184,44,14,15,14,696,118,170,129,0
172,151,160,151,1904,194,160,184,44,14,13,14,698,124,123,125,0
164,139,148,135,1891,167,141,173,43,13,12,13,697,99,92,104,0
181,160,170,165,1265,127,122,105,36,11,11,10,570,92,130,89,0
171,152,161,152,1809,232,185,177,43,15,14,13,683,161,171,136,0
174,153,161,157,955,102,108,84,31,10,10,9,493,69,137,84,0
173,152,163,157,471,66,95,60,22,8,10,8,341,40,129,35,0
177,156,166,162,645,78,86,76,25,9,9,9,401,38,82,43,0
181,158,168,165,729,92,118,80,27,10,11,9,427,67,130,58,0
181,159,169,166,541,95,122,87,23,10,11,9,361,55,133,58,0
188,166,175,172,851,133,199,119,29,12,14,11,455,89,181,87,0
197,173,183,178,3858,415,406,371,62,20,20,19,996,233,246,175,0
206,180,191,184,4131,370,286,316,64,19,17,18,1031,192,171,190,0
223,194,204,201,5076,452,438,387,71,21,21,20,1142,220,255,176,0
240,206,217,211,7500,582,682,521,87,24,26,23,1391,278,315,237,0
251,217,228,220,7981,555,665,639,89,24,26,25,1434,193,329,250,0
247,212,225,218,8666,558,935,580,93,24,31,24,1490,172,393,238,0
245,212,224,218,8995,614,931,648,95,25,31,25,1517,205,385,244,0
242,207,220,215,5993,398,615,416,77,20,25,20,1231,124,268,183,0
245,210,222,219,6174,339,581,387,79,18,24,20,1254,125,289,155,0
237,202,215,212,2261,233,287,240,48,15,17,16,742,101,137,105,0
235,201,213,211,2724,269,323,268,52,16,18,16,817,100,121,93,0
231,199,210,208,2338,266,291,273,48,16,17,17,753,93,78,92,0
235,199,212,210,2378,271,327,276,49,16,18,17,760,82,138,96,0
237,201,213,211,2290,207,251,202,48,14,16,14,753,77,124,87,0
231,198,209,208,1557,180,192,189,39,13,14,14,613,61,63,91,0
228,196,207,206,974,108,113,110,31,10,11,10,486,59,48,52,0
219,191,203,200,925,130,146,133,30,11,12,12,465,53,61,57,0
221,192,204,200,2168,180,302,197,47,13,17,14,734,62,196,86,0
209,184,194,192,1548,145,323,161,39,12,18,13,618,64,241,76,0
198,174,186,182,799,163,195,173,28,13,14,13,417,50,80,58,0
202,179,189,186,1575,176,233,173,40,13,15,13,626,83,178,103,0
191,169,179,174,2737,228,427,244,52,15,21,16,839,117,302,153,0
188,167,176,170,4030,291,433,372,63,17,21,19,1020,121,288,172,0
162,134,138,133,3681,263,414,302,61,16,20,17,973,117,274,136,0
176,157,167,150,3668,256,297,267,61,16,17,16,973,140,183,141,0
200,176,184,180,2565,137,170,168,51,12,13,13,814,78,126,125,0
180,160,168,165,1382,79,113,89,37,9,11,9,596,62,129,75,0
187,165,172,169,1574,89,114,98,40,9,11,10,635,74,116,81,0
203,178,186,183,3632,204,220,227,60,14,15,15,969,134,132,144,0
202,179,186,182,2746,131,245,162,52,11,16,13,843,81,209,119,0
204,180,187,185,3287,153,302,177,57,12,17,13,921,97,234,118,0
218,190,197,195,2833,141,200,161,53,12,14,13,855,92,174,133,0
204,180,189,185,2784,127,212,164,53,11,15,13,848,78,185,118,0
216,188,196,195,1450,78,130,95,38,9,11,10,609,48,134,73,0
204,179,188,185,1200,88,85,89,35,9,9,9,553,80,52,74,0
201,178,186,183,1617,141,132,144,40,12,12,12,641,91,66,94,0
188,167,175,172,478,98,89,98,22,10,9,10,333,48,50,62,0
180,159,166,164,424,83,61,78,21,9,8,9,318,45,39,55,0
146,111,114,123,124,102,75,84,11,10,9,9,133,57,40,45,0
152,119,120,125,215,158,128,129,15,13,11,11,191,68,65,55,0
151,114,114,128,210,133,112,106,14,12,11,10,197,69,55,57,0
151,116,115,128,277,124,104,107,17,11,10,10,238,67,50,53,0
150,119,114,125,280,127,107,119,17,11,10,11,234,56,40,48,0
149,116,115,122,302,104,61,78,17,10,8,9,264,71,50,58,0
149,114,114,121,347,76,59,73,19,9,8,9,286,47,49,45,0
146,114,111,126,416,92,66,86,20,10,8,9,311,59,49,53,0
150,117,116,124,535,91,66,82,23,10,8,9,360,62,45,48,0
172,151,152,134,526,89,68,83,23,9,8,9,357,50,34,47,0
179,156,156,167,452,94,56,80,21,10,7,9,330,56,37,43,0
157,137,137,160,401,83,74,81,20,9,9,9,305,46,50,44,0
164,143,141,160,443,92,74,84,21,10,9,9,323,53,50,41,0
149,120,116,133,367,80,73,78,19,9,9,9,286,48,41,42,0
182,160,163,171,424,82,74,82,21,9,9,9,315,50,42,41,0
193,172,172,173,741,93,91,94,27,10,10,10,428,54,73,54,0
192,166,167,170,435,78,69,76,21,9,8,9,321,43,35,45,0
204,181,183,186,1212,106,114,114,35,10,11,11,554,66,82,80,0
203,177,183,184,1359,136,162,154,37,12,13,12,582,68,109,90,0
201,176,178,182,633,79,75,74,25,9,9,9,394,54,50,36,0
181,160,160,159,340,72,65,70,18,8,8,8,281,43,39,37,0
180,161,165,169,329,83,63,74,18,9,8,9,276,57,45,48,0
170,153,159,156,334,80,61,68,18,9,8,8,282,46,40,42,0
193,175,181,179,614,96,102,88,25,10,10,9,385,69,62,52,0
208,186,190,191,843,101,90,94,29,10,10,10,457,72,56,59,0
220,196,202,201,2284,163,148,156,48,13,12,12,766,120,79,117,0
230,205,210,207,3315,208,241,236,58,14,16,15,925,125,166,163,0
241,216,222,217,6981,459,461,510,84,21,21,23,1343,194,218,264,0
239,214,219,213,9096,590,610,611,95,24,25,25,1533,204,228,269,0
246,220,228,219,7308,468,537,484,85,22,23,22,1374,200,233,252,0
251,224,230,226,9389,551,695,636,97,23,26,25,1556,175,302,242,0
242,213,222,211,3419,216,317,211,58,15,18,15,939,128,197,138,0
142,115,112,116,1684,140,196,136,41,12,14,12,654,77,154,89,0
135,108,109,112,1549,145,186,148,39,12,14,12,625,94,155,101,0
148,120,121,120,2103,170,214,166,46,13,15,13,733,101,152,120,0
254,224,231,225,10086,638,716,703,100,25,27,27,1613,244,287,295,0
254,221,229,226,13618,724,933,701,117,27,31,26,1874,229,326,239,0
255,226,234,226,10338,609,768,615,102,25,28,25,1633,230,319,289,0
255,228,235,230,8302,438,660,522,91,21,26,23,1463,147,323,211,0
218,193,200,171,3076,209,327,218,55,14,18,15,889,139,187,162,0
243,215,223,220,5979,295,478,361,77,17,22,19,1241,117,263,176,0
237,208,216,210,2397,160,243,156,49,13,16,13,786,111,190,147,0
228,200,208,206,3772,172,289,223,61,13,17,15,986,89,206,117,0
227,201,210,206,3546,170,261,224,60,13,16,15,956,83,183,121,0
220,193,202,199,3033,161,215,206,55,13,15,14,883,82,136,120,0
213,189,197,195,1584,95,119,114,40,10,11,11,636,60,96,76,0
202,178,184,184,471,59,62,66,22,8,8,8,337,46,49,44,0
196,173,178,178,426,61,57,62,21,8,8,8,319,40,37,38,0
197,175,178,180,647,88,75,83,25,9,9,9,400,54,49,61,0
192,171,175,175,607,69,65,65,25,8,8,8,391,46,54,61,0
194,171,174,177,587,67,57,67,24,8,8,8,385,55,45,67,0
198,174,179,180,982,101,81,96,31,10,9,10,498,77,39,72,0
204,178,181,183,1627,116,117,132,40,11,11,12,646,68,72,93,0
195,171,176,177,809,95,93,91,28,10,10,10,449,51,55,50,0
192,170,174,175,525,80,71,69,23,9,8,8,359,63,44,41,0
191,167,170,172,733,94,91,96,27,10,10,10,426,47,56,74,0
182,159,163,165,360,95,85,87,19,10,9,9,287,50,52,49,0
175,155,159,159,298,111,87,94,17,11,9,10,257,65,48,52,0
146,116,113,128,74,55,55,49,9,7,7,7,103,37,41,38,0
170,151,155,154,235,68,62,60,15,8,8,8,230,48,43,41,0
151,117,116,130,187,66,47,53,14,8,7,7,204,43,28,34,0
168,149,151,152,383,91,73,77,20,10,9,9,303,60,60,47,0
149,116,113,122,228,72,62,64,15,8,8,8,225,48,47,45,0
155,134,138,148,228,77,57,66,15,9,8,8,227,49,42,40,0
172,150,156,156,316,87,63,75,18,9,8,9,269,55,32,36,0
179,156,162,162,428,86,86,81,21,9,9,9,317,48,43,44,0
187,162,168,169,911,99,79,95,30,10,9,10,478,54,48,60,0
192,166,170,173,752,83,83,76,27,9,9,9,435,66,59,72,0
191,164,168,173,173,46,49,46,13,7,7,7,192,31,30,32,0
190,164,169,172,481,68,68,68,22,8,8,8,341,40,37,39,0
183,158,163,168,158,60,58,58,13,8,8,8,176,42,29,32,0
175,152,156,158,61,52,54,49,8,7,7,7,71,30,37,29,0
171,146,151,156,203,70,70,66,14,8,8,8,204,38,42,30,0
146,112,109,128,152,77,63,70,12,9,8,8,160,53,33,35,0
134,100,100,113,75,81,58,56,9,9,8,8,91,62,54,40,0
120,83,86,96,44,71,64,54,7,8,8,7,34,52,49,38,0
121,82,84,95,47,86,77,66,7,9,9,8,33,56,52,37,0
116,76,77,92,62,92,75,68,8,10,9,8,42,55,48,51,0
118,78,79,92,60,103,79,75,8,10,9,9,51,61,60,47,0
117,78,80,93,49,91,64,62,7,10,8,8,40,71,51,43,0
124,88,90,101,47,74,51,55,7,9,7,7,30,51,37,38,0
142,118,119,136,43,57,51,50,7,8,7,7,26,42,33,36,0
178,155,160,164,142,61,57,59,12,8,8,8,158,33,33,34,0
190,166,171,172,123,49,42,43,11,7,6,7,158,52,28,32,0
211,183,187,188,1224,97,99,99,35,10,10,10,560,78,103,103,0
213,187,189,188,886,85,96,45,30,9,10,7,476,99,90,50,0
222,194,196,195,1682,122,153,116,41,11,12,11,658,88,146,116,0
232,204,205,204,2884,209,201,209,54,14,14,14,863,139,122,155,0
215,188,191,190,1497,104,144,84,39,10,12,9,621,88,132,85,0
204,176,181,182,1727,118,107,122,42,11,10,11,666,91,80,102,0
189,163,169,171,655,84,81,88,26,9,9,9,400,53,65,74,0
184,157,163,165,222,65,59,63,15,8,8,8,218,42,40,39,0
182,157,163,164,175,66,67,60,13,8,8,8,186,45,40,45,0
206,181,185,180,3925,338,321,281,63,18,18,17,1007,164,155,192,0
191,167,171,126,6011,506,497,367,78,23,22,19,1246,213,220,162,0
136,105,103,110,1335,149,151,153,37,12,12,12,581,85,121,102,0
128,95,96,102,605,121,142,107,25,11,12,10,381,67,122,59,0
144,115,114,137,104,72,56,61,10,8,7,8,123,48,35,35,0
151,127,127,149,38,48,45,43,6,7,7,7,34,39,29,30,0
199,173,176,179,536,76,64,70,23,9,8,8,366,75,64,81,0
224,199,198,196,1818,153,138,141,43,12,12,12,685,100,113,122,0
221,196,197,197,956,88,99,78,31,9,10,9,496,93,128,104,0
231,205,206,208,1215,87,84,93,35,9,9,10,559,70,91,88,0
254,226,223,219,3079,228,298,154,55,15,17,12,891,131,218,108,0
245,219,220,214,740,85,82,63,27,9,9,8,436,107,109,113,0
241,217,217,214,1224,104,137,89,35,10,12,9,562,91,147,117,0
234,207,208,206,1692,155,221,144,41,12,15,12,661,120,159,156,0
213,188,190,187,2075,175,131,124,46,13,11,11,730,124,101,97,0
207,181,182,182,989,103,130,66,31,10,11,8,503,117,112,73,0
212,186,188,189,314,44,46,39,18,7,7,6,281,59,60,74,0
241,217,214,214,846,65,78,49,29,8,9,7,467,77,101,64,0
254,225,224,224,1296,98,141,83,36,10,12,9,578,89,146,97,0
255,229,228,227,1789,130,137,121,42,11,12,11,679,98,98,125,0
244,217,217,215,809,77,45,54,28,9,7,7,456,96,49,73,0
216,190,193,192,855,77,62,59,29,9,8,8,468,76,65,74,0
228,202,202,200,1836,183,197,135,43,14,14,12,688,137,137,116,0
226,202,203,191,5465,398,427,339,74,20,21,18,1188,164,186,196,0
196,171,175,174,1609,140,147,131,40,12,12,11,641,88,125,117,0
189,165,170,171,563,77,75,69,24,9,9,8,369,61,59,37,0
209,183,187,186,818,122,96,61,29,11,10,8,455,139,119,81,0
228,202,203,202,1569,129,112,117,40,11,11,11,636,108,82,105,0
249,223,222,219,2599,195,245,141,51,14,16,12,819,115,162,114,0
255,240,237,234,3839,275,434,222,62,17,21,15,995,140,260,134,0
255,228,227,227,2108,176,231,136,46,13,15,12,737,104,163,116,0
255,230,229,230,1774,138,161,115,42,12,13,11,676,95,107,106,0
255,225,224,222,2533,276,323,213,50,17,18,15,808,172,218,150,0
255,225,225,223,5034,365,435,354,71,19,21,19,1140,158,187,182,0
223,198,198,199,2740,217,173,221,52,15,13,15,841,113,117,138,0
207,180,185,185,997,70,77,76,32,8,9,9,505,62,81,79,0
202,177,180,183,467,49,54,50,22,7,7,7,339,42,42,40,0
231,205,207,202,1464,136,144,89,38,12,12,9,614,113,149,97,0
255,230,229,225,3813,294,420,230,62,17,20,15,992,150,255,138,0
248,224,223,221,6042,471,440,492,78,22,21,22,1249,200,224,191,0
215,192,193,193,1809,138,176,145,43,12,13,12,683,93,131,121,0
197,171,176,178,353,57,64,55,19,8,8,7,290,37,45,37,0
194,169,173,175,301,65,63,56,17,8,8,7,263,55,49,40,0
187,162,167,169,326,61,60,63,18,8,8,8,273,34,35,34,0
190,165,171,172,507,64,66,67,23,8,8,8,350,45,53,40,0
185,160,164,166,187,44,45,44,14,7,7,7,199,29,33,32,0
158,131,130,162,57,25,31,25,8,5,6,5,86,24,36,27,0
190,165,169,174,53,21,28,21,7,5,5,5,91,25,34,18,0
186,161,166,172,44,23,30,25,7,5,5,5,70,23,29,26,0
139,104,106,120,59,40,48,41,8,6,7,6,66,36,33,33,0
132,100,97,110,48,20,26,22,7,4,5,5,83,26,27,26,0
137,104,102,119,23,16,21,17,5,4,5,4,33,18,24,19,0
128,94,92,106,23,18,22,19,5,4,5,4,24,23,25,23,0
125,94,93,104,37,26,32,28,6,5,6,5,34,27,33,33,0
128,95,93,106,29,27,28,26,5,5,5,5,33,24,30,20,0
175,150,153,165,40,28,26,27,6,5,5,5,56,24,23,24,0
198,172,176,179,145,27,26,30,12,5,5,5,177,24,20,22,0
222,196,201,198,1604,99,134,118,40,10,12,11,642,67,124,112,0
229,204,211,206,3366,204,264,204,58,14,16,14,931,122,192,130,0
227,199,207,202,3582,207,266,193,60,14,16,14,960,113,170,108,0
237,208,217,213,4969,268,523,302,70,16,23,17,1131,130,313,173,0
225,198,207,204,5056,256,497,319,71,16,22,18,1139,98,283,154,0
235,205,215,210,6961,354,629,358,83,19,25,19,1339,156,320,166,0
248,218,227,223,6535,326,637,402,81,18,25,20,1296,127,310,167,0
237,209,218,213,4684,243,325,270,68,16,18,16,1098,123,182,156,0
224,198,207,203,4005,236,354,293,63,15,19,17,1012,93,196,162,0
234,205,214,210,7024,366,595,462,84,19,24,21,1345,132,299,190,0
238,210,220,215,6479,352,649,433,80,19,25,21,1291,131,325,191,0
235,207,215,212,5705,324,535,361,76,18,23,19,1211,119,295,168,0
231,204,211,202,6367,461,506,366,80,21,22,19,1280,215,232,172,0
227,198,208,198,4966,374,545,415,70,19,23,20,1130,157,266,247,0
221,193,202,194,5533,320,604,339,74,18,25,18,1192,145,327,144,0
228,198,208,201,5750,461,602,494,76,21,25,22,1216,210,259,208,0
198,176,184,154,2839,261,299,208,53,16,17,14,852,173,200,147,0
151,125,137,126,1807,174,189,178,43,13,14,13,671,87,84,100,0
130,99,99,105,1500,192,175,205,39,14,13,14,610,104,96,113,0
233,205,214,209,4251,255,311,303,65,16,18,17,1045,128,187,166,0
236,208,217,213,3234,185,332,204,57,14,18,14,912,120,240,144,0
229,199,209,202,3511,206,333,235,59,14,18,15,949,91,226,140,0
218,191,200,195,1812,119,187,140,43,11,14,12,679,71,161,107,0
226,197,206,199,2834,204,312,243,53,14,18,16,852,125,223,162,0
231,205,212,206,2679,171,340,197,52,13,18,14,830,94,251,136,0
139,110,111,113,1427,186,160,196,38,14,13,14,596,116,94,131,0
132,100,98,107,1172,188,152,186,34,14,12,14,534,94,81,107,0
218,191,195,190,4230,389,314,299,65,20,18,17,1041,191,176,185,0
227,199,202,201,2979,230,201,196,55,15,14,14,873,137,91,124,0
237,207,209,208,2368,149,198,140,49,12,14,12,780,108,124,103,0
231,204,205,207,1332,95,126,104,36,10,11,10,584,88,113,96,0
228,199,202,203,792,53,63,55,28,7,8,7,449,57,72,58,0
232,206,206,207,889,70,58,53,30,8,8,7,477,87,57,68,0
243,214,215,215,1003,78,94,69,32,9,10,8,507,93,91,93,0
246,219,218,218,2113,151,211,156,46,12,15,12,737,102,155,121,0
219,190,191,189,1345,113,180,119,37,11,13,11,587,83,178,104,0
205,178,180,176,1650,161,160,175,41,13,13,13,648,96,114,132,0
210,185,186,176,3843,363,475,353,62,19,22,19,992,165,221,191,0
202,175,178,136,4128,368,400,371,64,19,20,19,1028,167,181,169,0
137,108,107,107,3769,347,511,340,61,19,23,18,979,143,233,137,0
127,100,97,103,2864,274,343,289,54,17,19,17,851,98,159,110,0
140,111,111,110,3220,280,401,327,57,17,20,18,906,104,216,134,0
138,108,106,108,2910,292,289,296,54,17,17,17,860,135,147,126,0
130,102,102,104,2771,251,245,262,53,16,16,16,838,126,115,114,0
199,170,176,126,3111,256,349,284,56,16,19,17,892,102,190,135,0
204,177,180,160,3894,336,438,371,62,18,21,19,998,138,251,144,0
190,166,171,165,1117,158,114,123,33,13,11,11,530,114,79,97,0
212,186,189,184,914,122,99,78,30,11,10,9,482,109,85,73,0
221,194,195,192,914,99,73,83,30,10,9,9,483,89,76,102,0
255,241,237,238,3479,235,281,227,59,15,17,15,946,119,169,118,0
227,204,205,149,4440,289,420,345,67,17,20,19,1068,103,185,145,0
224,203,202,187,5293,405,463,434,73,20,22,21,1167,169,169,204,0
222,195,198,177,3895,321,286,341,62,18,17,18,1000,147,127,188,0
219,195,197,189,1793,190,192,157,42,14,14,13,678,150,130,130,0
216,191,194,189,748,92,133,80,27,10,12,9,437,81,152,119,0
237,211,212,206,1198,187,236,88,35,14,15,9,555,177,220,110,0
245,218,219,214,727,94,110,66,27,10,10,8,432,89,117,98,0
237,213,211,204,417,67,49,24,20,8,7,5,326,91,63,46,0
245,220,218,216,889,103,108,75,30,10,10,9,477,94,102,95,0
255,232,230,215,1516,187,223,127,39,14,15,11,624,138,199,150,0
255,242,242,245,6398,652,789,513,80,26,28,23,1284,272,308,238,0
255,243,242,235,2191,314,320,79,47,18,18,9,751,207,214,88,0
255,243,239,246,2904,300,339,244,54,17,18,16,865,206,244,168,0
255,242,239,234,2230,214,297,204,47,15,17,14,758,142,209,138,0
231,208,206,200,1669,184,252,113,41,14,16,11,655,136,190,114,0
197,174,178,177,456,69,66,53,21,8,8,7,334,66,60,49,0
182,161,163,169,98,72,62,64,10,9,8,8,105,43,38,36,0
155,128,131,147,87,79,70,72,9,9,8,8,83,46,35,38,0
137,103,106,116,57,55,49,50,8,7,7,7,40,38,34,36,0
126,93,89,103,28,28,31,27,5,5,6,5,26,30,34,26,0
126,93,92,103,33,33,33,31,6,6,6,6,30,36,31,33,0
136,103,106,117,43,44,35,41,7,7,6,6,35,38,27,28,0
148,120,121,145,20,22,21,20,4,5,5,4,21,24,20,21,0
190,166,171,172,174,56,58,50,13,7,8,7,189,52,49,34,0
231,207,208,205,1432,175,195,148,38,13,14,12,607,128,146,139,0
240,215,214,202,727,111,68,30,27,11,8,5,432,114,76,72,0
255,225,225,220,1006,122,115,108,32,11,11,10,509,114,126,124,0
255,242,241,244,2898,243,280,213,54,16,17,15,864,185,141,153,0
137,108,105,111,3026,284,316,320,55,17,18,18,876,100,154,128,0
125,96,95,102,766,119,112,114,28,11,11,11,432,67,76,87,0
128,97,97,105,1469,197,177,198,38,14,13,14,601,102,96,92,0
162,140,149,124,4629,407,446,438,68,20,21,21,1087,124,200,178,0
129,101,100,106,2311,256,283,270,48,16,17,16,761,98,132,119,0
155,121,120,122,5190,420,465,457,72,21,22,21,1153,171,230,186,0
173,145,150,126,4697,393,524,414,69,20,23,20,1097,161,229,147,0
158,123,122,121,4298,418,524,434,66,20,23,21,1048,146,242,171,0
134,106,103,107,2054,334,289,224,45,18,17,15,720,179,186,138,0
130,99,101,106,916,199,215,169,30,14,15,13,473,129,198,137,0
128,99,99,104,1064,261,174,163,33,16,13,13,510,179,110,122,0
160,127,125,118,4058,441,631,401,64,21,25,20,1018,167,310,207,0
255,225,227,205,11663,856,1096,842,108,29,33,29,1733,219,305,255,0
255,243,243,246,7452,640,731,658,86,25,27,26,1386,196,243,226,0
169,143,148,117,2987,586,519,264,55,24,23,16,875,296,276,183,0
127,95,96,101,1098,322,278,185,33,18,17,14,514,215,196,118,0
139,109,109,107,2340,502,389,265,48,22,20,16,769,243,201,196,0
232,205,206,182,6979,807,704,699,84,28,27,26,1340,255,294,267,0
247,213,215,199,3320,287,324,258,58,17,18,16,924,131,161,141,0
255,235,236,226,5051,438,539,454,71,21,23,21,1140,172,291,176,0
234,204,204,185,6992,804,762,778,84,28,28,28,1340,239,284,248,0
239,208,210,182,6897,807,926,779,83,28,30,28,1331,230,388,248,0
237,206,207,192,3521,379,375,318,59,19,19,18,951,217,218,188,0
255,233,237,226,1367,87,142,84,37,9,12,9,593,86,119,86,0
247,209,214,209,998,57,61,69,32,8,8,8,507,51,57,83,0
255,224,224,219,1249,74,98,73,35,9,10,9,567,74,83,82,0
249,214,216,212,583,43,66,40,24,7,8,6,387,55,94,59,0
211,184,186,184,1812,124,220,148,43,11,15,12,681,71,178,98,0
217,189,189,190,1871,140,143,145,43,12,12,12,692,84,85,93,0
208,183,184,182,2182,157,192,168,47,13,14,13,748,101,118,120,0
221,191,192,192,1401,98,192,104,37,10,14,10,597,73,162,92,0
209,183,186,181,2501,211,242,208,50,15,16,14,801,129,147,126,0
224,197,197,195,3323,233,401,267,58,15,20,16,924,99,248,142,0
217,192,193,193,508,53,56,54,23,7,7,7,357,49,71,71,0
191,166,170,162,4121,391,431,426,64,20,21,21,1029,143,211,212,0
190,167,171,173,326,82,70,75,18,9,8,9,270,52,41,47,0
193,171,174,177,214,62,58,66,15,8,8,8,207,38,36,40,0
211,189,195,194,1262,154,173,164,36,12,13,13,556,87,123,98,0
207,186,193,192,499,132,135,144,22,12,12,12,316,46,46,46,0
211,189,197,195,653,95,116,108,26,10,11,10,388,37,55,53,0
190,172,182,167,2741,280,339,235,52,17,18,15,831,173,207,123,0
148,117,116,123,845,166,134,162,29,13,12,13,447,85,59,103,0
138,105,105,113,431,131,109,121,21,11,10,11,305,73,50,82,0
145,116,116,121,429,109,92,108,21,10,10,10,305,55,44,59,0
203,184,191,180,1784,145,216,154,42,12,15,12,673,95,160,98,0
211,190,196,193,1158,104,154,107,34,10,12,10,542,75,142,74,0
222,199,207,203,2613,264,319,217,51,16,18,15,818,141,182,161,0
152,123,122,128,328,85,102,78,18,9,10,9,270,55,107,45,0
141,112,112,119,296,107,101,102,17,10,10,10,244,57,83,49,0
137,105,105,112,769,171,156,145,28,13,12,12,423,79,75,67,0
138,109,108,113,1067,154,184,151,33,12,14,12,508,71,145,75,0
145,120,117,121,644,101,122,96,25,10,11,10,392,58,114,55,0
235,210,220,215,2242,136,291,171,47,12,17,13,757,77,220,123,0
229,205,215,210,2014,148,271,174,45,12,16,13,715,84,210,124,0
138,105,106,117,133,77,74,72,12,9,9,9,140,51,43,41,0
130,98,97,109,102,94,78,81,10,10,9,9,91,59,49,46,0
138,104,102,111,140,35,35,31,12,6,6,6,177,34,32,36,0
124,93,92,103,125,84,81,82,11,9,9,9,127,46,42,42,0
193,172,177,177,195,48,49,50,14,7,7,7,200,31,33,39,0
181,163,168,171,159,59,63,63,13,8,8,8,162,34,34,39,0
179,160,164,168,147,62,65,63,12,8,8,8,152,42,50,40,0
172,154,158,162,76,51,56,52,9,7,7,7,71,36,40,33,0
172,153,159,152,79,91,93,84,9,10,10,9,35,48,40,39,0
160,139,144,132,51,62,64,47,7,8,8,7,52,68,71,37,0
185,165,169,174,65,53,48,47,8,7,7,7,75,44,33,38,0
181,163,165,171,69,36,38,34,8,6,6,6,104,30,38,31,0
153,123,124,147,36,38,42,36,6,6,6,6,24,30,39,27,0
147,117,125,137,35,42,43,36,6,6,7,6,28,35,36,26,0
148,115,119,129,42,45,43,40,6,7,7,6,35,44,30,39,0
175,155,160,163,84,55,55,50,9,7,7,7,102,43,42,34,0
174,152,159,161,25,22,26,21,5,5,5,5,27,31,30,26,0
123,92,91,102,102,125,105,110,10,11,10,10,45,62,46,52,0
128,95,96,105,90,118,100,101,9,11,10,10,40,62,43,55,0
140,108,109,119,97,73,67,64,10,9,8,8,94,45,46,40,0
143,119,123,136,31,31,27,26,6,6,5,5,34,36,22,25,0
217,195,197,200,109,37,37,37,10,6,6,6,139,27,25,29,0
217,197,201,201,202,30,31,34,14,6,6,6,216,23,26,31,0
186,165,172,169,27,32,31,26,5,6,6,5,27,31,37,27,0
161,140,147,154,38,43,40,37,6,7,6,6,38,40,27,33,0
142,115,115,127,28,29,29,27,5,5,5,5,27,34,30,30,0
159,137,144,155,133,65,62,58,12,8,8,8,141,43,40,43,0
174,153,159,163,59,37,36,34,8,6,6,6,74,34,30,30,0
154,129,134,148,45,31,32,29,7,6,6,5,55,30,29,29,0
139,111,108,120,36,31,31,30,6,6,6,6,35,28,30,28,0
143,109,109,121,54,60,56,52,7,8,8,7,36,55,52,43,0
142,108,110,121,45,41,38,36,7,6,6,6,49,38,31,37,0
153,131,139,146,26,24,24,23,5,5,5,5,27,30,25,28,0
199,176,183,185,263,46,52,52,16,7,7,7,244,32,57,40,0
143,119,127,133,21,22,18,20,5,5,4,4,24,26,25,22,0
132,99,100,110,73,58,57,54,9,8,8,7,66,49,45,44,0
166,142,149,158,35,27,27,25,6,5,5,5,46,33,29,27,0
137,101,102,113,62,50,50,48,8,7,7,7,59,40,33,33,0
160,138,147,154,41,41,38,37,6,6,6,6,43,43,29,30,0
181,162,169,171,68,43,42,42,8,7,7,6,83,38,28,31,0
163,141,149,154,30,28,24,27,6,5,5,5,26,28,22,25,0
199,177,185,183,438,70,91,73,21,8,10,9,320,49,100,58,0
205,182,191,189,627,115,108,119,25,11,10,11,379,52,43,64,0
212,188,197,194,754,113,130,126,27,11,11,11,418,52,63,68,0
213,191,200,196,673,86,93,94,26,9,10,10,402,50,52,64,0
203,181,191,186,1054,113,160,116,32,11,13,11,512,83,120,72,0
190,170,181,174,504,94,101,96,22,10,10,10,341,49,51,49,0
161,127,128,131,383,113,116,112,20,11,11,11,288,62,64,77,0
166,140,152,136,602,109,150,104,25,10,12,10,382,79,138,88,0
158,120,121,130,236,55,53,53,15,7,7,7,234,33,46,30,0
157,119,121,131,274,97,62,81,17,10,8,9,243,52,60,42,0
156,118,121,128,728,156,119,135,27,12,11,12,418,73,77,94,0
154,118,121,128,508,161,99,135,23,13,10,12,328,63,47,58,0
160,120,125,131,369,138,81,115,19,12,9,11,270,63,41,58,0
167,125,133,140,482,130,97,115,22,11,10,11,323,56,52,56,0
165,123,126,136,338,137,94,119,18,12,10,11,248,62,60,59,0
166,124,127,135,576,172,106,131,24,13,10,11,358,78,59,83,0
164,122,125,135,386,133,76,118,20,12,9,11,278,61,43,63,0
174,129,135,143,469,114,72,111,22,11,8,11,322,57,48,63,0
167,126,132,137,534,149,112,135,23,12,11,12,342,48,52,61,0
163,122,127,134,307,147,98,117,18,12,10,11,239,63,43,47,0
161,120,124,133,601,145,120,131,25,12,11,11,369,55,51,58,0
204,181,191,183,5355,584,379,479,73,24,19,22,1175,211,154,266,0
143,107,109,115,1727,219,155,217,42,15,12,15,661,98,110,114,0
163,140,150,142,942,148,111,139,31,12,11,12,482,91,53,78,0
148,112,115,125,224,112,110,102,15,11,10,10,194,46,57,45,0
140,108,110,116,256,138,125,133,16,12,11,12,195,66,75,62,0
149,113,116,123,229,113,95,95,15,11,10,10,209,46,43,42,0
144,110,112,122,236,136,102,121,15,12,10,11,195,49,52,46,0
154,118,120,127,544,142,109,124,23,12,10,11,355,76,49,56,0
136,102,104,112,146,99,78,85,12,10,9,9,142,48,45,40,0
158,122,125,130,1515,180,134,165,39,13,12,13,621,105,69,118,0
157,121,122,128,2519,223,207,231,50,15,14,15,804,107,161,136,0
156,122,123,128,2957,284,290,286,54,17,17,17,872,143,220,160,0
156,124,130,129,1762,186,163,176,42,14,13,13,671,108,115,109,0
160,132,138,133,823,128,93,122,29,11,10,11,450,90,53,91,0
156,117,120,128,602,127,108,115,25,11,10,11,380,75,67,81,0
144,106,110,117,365,156,106,135,19,12,10,12,270,68,50,57,0
142,104,107,118,271,154,108,137,16,12,10,12,212,75,46,55,0
153,113,119,128,263,120,95,108,16,11,10,10,219,57,56,52,0
166,134,143,146,333,138,116,130,18,12,11,11,246,55,58,50,0
157,118,122,131,358,116,110,115,19,11,10,11,268,59,58,51,0
139,101,107,115,238,170,142,154,15,13,12,12,188,71,65,61,0
134,98,101,112,263,206,139,165,16,14,12,13,191,91,60,73,0
127,93,92,105,212,206,134,158,15,14,12,13,169,81,64,66,0
137,100,104,114,276,219,176,194,17,15,13,14,172,86,90,76,0
136,99,101,113,202,276,147,190,14,17,12,14,102,116,61,74,0
138,103,106,117,273,221,160,169,17,15,13,13,194,87,87,80,0
143,105,110,120,300,226,126,168,17,15,11,13,214,93,68,62,0
146,107,110,122,353,203,132,163,19,14,11,13,243,92,70,72,0
143,105,107,120,302,190,135,156,17,14,12,13,218,85,61,73,0
150,110,114,123,367,179,123,156,19,13,11,12,271,88,74,70,0
163,118,123,129,688,150,79,122,26,12,9,11,411,103,49,108,0
161,123,128,129,700,118,95,95,26,11,10,10,417,100,66,71,0
175,155,164,148,910,138,104,119,30,12,10,11,479,106,79,86,0
169,148,157,142,962,121,83,115,31,11,9,11,493,92,50,109,0
186,169,179,160,1638,175,162,154,40,13,13,12,647,118,112,115,0
181,163,173,160,1159,157,138,121,34,13,12,11,541,114,116,119,0
169,145,151,138,1228,151,113,106,35,12,11,10,556,101,75,90,0
190,167,180,166,1698,175,139,111,41,13,12,11,658,117,90,86,0
194,174,185,175,1301,149,130,141,36,12,11,12,574,83,83,119,0
196,174,183,176,961,146,113,112,31,12,11,11,490,102,76,85,0
173,149,156,152,478,102,87,98,22,10,9,10,330,63,59,77,0
158,117,120,129,571,132,92,116,24,11,10,11,371,71,70,79,0
162,117,121,130,578,140,84,117,24,12,9,11,372,74,55,65,0
156,114,118,127,380,132,73,113,19,11,9,11,284,63,46,54,0
157,113,118,127,516,150,102,126,23,12,10,11,340,80,61,55,0
160,118,122,132,543,159,121,159,23,13,11,13,336,64,66,60,0
161,118,120,131,542,179,127,155,23,13,11,12,343,72,60,65,0
166,123,131,134,731,191,126,153,27,14,11,12,410,123,78,67,0
164,118,123,132,483,153,98,130,22,12,10,11,320,67,49,67,0
159,116,122,130,559,179,124,147,24,13,11,12,346,83,62,62,0
162,120,124,133,344,143,98,128,19,12,10,11,250,60,50,61,0
171,134,140,142,660,110,96,115,26,10,10,11,385,56,56,71,0
164,120,125,134,249,113,80,104,16,11,9,10,206,49,41,49,0
166,126,130,136,650,165,119,156,25,13,11,12,378,56,66,82,0
157,114,118,127,542,223,119,177,23,15,11,13,339,107,67,93,0
170,119,125,133,793,156,114,144,28,12,11,12,434,71,55,85,0
163,116,121,130,650,114,86,115,26,11,9,11,397,81,51,86,0
155,112,117,124,884,148,90,111,30,12,9,11,470,105,78,85,0
146,109,111,122,444,279,173,221,21,17,13,15,254,94,64,81,0
133,98,98,114,483,340,249,270,22,18,16,16,260,120,92,117,0
134,99,98,114,466,284,207,228,22,17,14,15,267,120,100,109,0
138,103,104,115,266,185,125,143,16,14,11,12,205,72,62,65,0
153,111,115,122,1022,220,140,180,32,15,12,13,496,79,80,79,0
153,112,114,123,953,214,160,192,31,15,13,14,471,92,101,73,0
135,100,100,113,268,245,152,184,16,16,12,14,181,96,62,78,0
123,91,90,105,258,304,203,237,16,17,14,15,121,114,100,92,0
116,88,87,103,280,333,190,234,17,18,14,15,156,119,96,102,0
137,101,101,114,381,272,201,219,20,17,14,15,236,96,89,99,0
149,110,113,121,664,252,156,215,26,16,12,15,367,82,70,83,0
136,101,102,114,236,215,149,177,15,15,12,13,150,84,78,66,0
119,88,87,102,220,290,191,229,15,17,14,15,81,94,91,89,0
124,93,92,107,288,315,199,229,17,18,14,15,145,108,86,89,0
135,101,101,113,261,259,161,205,16,16,13,14,136,87,56,72,0
148,110,112,125,204,183,125,143,14,14,11,12,134,74,66,54,0
157,114,116,130,433,147,120,137,21,12,11,12,297,62,55,51,0
149,111,114,126,571,221,154,192,24,15,12,14,336,76,69,75,0
141,105,106,119,311,247,154,193,18,16,12,14,209,96,60,80,0
142,106,107,120,373,203,144,182,19,14,12,14,238,83,64,68,0
151,109,110,124,412,183,110,148,20,14,11,12,289,78,52,68,0
158,112,116,125,789,147,121,134,28,12,11,12,440,103,103,98,0
154,112,114,124,474,183,124,158,22,14,11,13,314,69,55,65,0
150,108,110,124,361,178,119,151,19,13,11,12,263,70,57,78,0
136,100,100,113,227,231,159,189,15,15,13,14,125,96,61,75,0
149,106,109,118,398,138,90,115,20,12,9,11,300,67,49,74,0
153,109,111,121,593,115,92,110,24,11,10,10,377,57,89,70,0
152,108,110,120,311,116,64,94,18,11,8,10,257,60,32,49,0
142,105,106,118,242,139,78,114,16,12,9,11,204,59,45,63,0
151,109,112,122,490,211,156,183,22,15,12,14,315,75,61,72,0
155,116,118,126,1049,196,149,198,32,14,12,14,503,71,60,87,0
149,110,113,120,418,171,112,146,20,13,11,12,292,66,45,58,0
148,107,111,121,285,166,97,135,17,13,10,12,229,71,41,55,0
141,103,105,116,209,153,107,127,14,12,10,11,162,70,51,66,0
145,103,106,118,254,151,96,123,16,12,10,11,213,63,50,55,0
143,105,106,118,128,119,85,96,11,11,9,10,124,54,45,39,0
137,100,100,112,151,126,108,113,12,11,10,11,137,53,42,48,0
133,100,99,112,206,180,110,130,14,13,10,11,174,80,47,72,0
134,98,97,111,209,205,150,155,14,14,12,12,130,79,78,72,0
140,102,103,116,153,164,123,137,12,13,11,12,84,63,63,56,0
141,103,103,117,175,130,101,116,13,11,10,11,146,54,56,51,0
133,98,98,111,195,220,126,163,14,15,11,13,141,99,62,85,0
136,100,100,113,229,209,149,174,15,14,12,13,145,76,64,81,0
141,103,104,117,160,174,114,144,13,13,11,12,93,88,52,68,0
142,103,104,117,198,159,123,138,14,13,11,12,140,60,60,66,0
145,105,107,116,365,140,94,123,19,12,10,11,281,69,58,73,0
141,103,105,117,130,141,101,119,11,12,10,11,77,61,47,53,0
144,106,107,117,223,163,106,140,15,13,10,12,169,63,40,52,0
150,113,113,125,156,166,141,154,13,13,12,12,63,69,56,59,0
138,89,89,102,54,69,50,61,7,8,7,8,35,35,29,35,1
137,90,91,102,59,83,62,72,8,9,8,8,32,39,36,34,1
139,90,89,103,66,96,71,81,8,10,8,9,34,46,45,41,1
133,89,88,100,64,94,61,78,8,10,8,9,34,37,37,36,1
137,89,88,102,73,113,70,87,9,11,8,9,34,46,38,42,1
135,87,82,99,45,58,43,52,7,8,7,7,31,32,29,37,1
139,90,87,103,68,100,64,82,8,10,8,9,37,45,37,38,1
140,90,89,103,68,100,69,83,8,10,8,9,36,44,43,38,1
134,89,83,100,45,59,41,50,7,8,6,7,29,40,27,26,1
136,87,86,100,49,70,49,60,7,8,7,8,28,30,30,31,1
136,88,86,100,49,65,43,57,7,8,7,8,28,37,25,35,1
142,92,91,106,86,121,77,101,9,11,9,10,38,42,36,42,1
141,93,91,106,89,132,89,112,9,11,9,11,38,45,36,43,1
134,89,85,102,51,70,52,60,7,8,7,8,30,34,30,32,1
137,89,83,102,50,64,47,57,7,8,7,8,33,30,28,29,1
136,89,86,102,54,74,52,63,7,9,7,8,28,30,29,27,1
137,89,83,103,48,64,45,56,7,8,7,7,31,31,26,27,1
140,91,87,105,58,87,54,71,8,9,7,8,35,39,25,30,1
139,91,87,103,53,73,51,60,7,9,7,8,31,35,29,34,1
138,90,86,104,46,55,43,52,7,7,7,7,26,29,27,29,1
139,91,86,103,61,79,60,71,8,9,8,8,33,33,28,33,1
136,89,82,101,60,79,58,70,8,9,8,8,29,33,27,31,1
127,84,75,97,50,68,52,61,7,8,7,8,29,33,31,30,1
133,87,81,98,49,60,53,55,7,8,7,7,30,32,30,30,1
136,88,81,100,60,79,58,68,8,9,8,8,32,33,34,31,1
135,87,86,99,54,78,55,64,7,9,7,8,32,40,29,32,1
134,86,78,99,45,66,39,53,7,8,6,7,25,36,24,28,1
132,85,81,99,45,66,45,55,7,8,7,7,25,36,27,30,1
131,85,81,97,49,60,49,54,7,8,7,7,25,31,30,29,1
127,83,79,94,59,67,57,64,8,8,8,8,37,34,26,34,1
126,85,77,95,60,76,67,69,8,9,8,8,32,37,36,35,1
130,84,77,97,47,68,46,55,7,8,7,7,30,39,27,31,1
128,84,77,97,51,63,51,57,7,8,7,8,31,32,29,32,1
124,83,73,93,58,80,64,67,8,9,8,8,32,40,29,31,1
127,83,74,95,67,87,67,76,8,9,8,9,35,34,32,34,1
125,83,76,93,59,72,64,69,8,9,8,8,31,35,33,37,1
134,86,82,98,56,89,53,70,7,9,7,8,30,41,31,34,1
134,85,79,99,54,74,52,63,7,9,7,8,28,37,29,32,1
137,87,83,100,56,79,51,65,7,9,7,8,29,36,28,31,1
121,86,70,94,59,88,72,75,8,9,8,9,29,34,33,27,1
142,90,89,105,50,57,45,51,7,8,7,7,34,30,27,27,1
132,87,81,99,58,85,61,70,8,9,8,8,29,36,30,31,1
141,92,90,104,52,70,51,61,7,8,7,8,28,32,32,30,1
143,94,92,109,62,95,65,78,8,10,8,9,31,41,28,33,1
145,95,94,110,48,64,47,55,7,8,7,7,31,32,25,32,1
146,94,92,108,45,71,46,58,7,8,7,8,24,33,27,30,1
146,96,93,110,45,72,50,57,7,8,7,8,26,36,31,26,1
135,95,86,106,58,87,69,72,8,9,8,9,39,37,30,30,1
146,98,95,113,56,81,60,67,7,9,8,8,34,45,33,32,1
148,98,97,112,51,71,55,59,7,8,7,8,29,35,26,31,1
148,98,97,114,55,77,59,67,7,9,8,8,30,34,29,31,1
148,100,99,115,63,90,70,76,8,10,8,9,31,44,34,40,1
149,100,100,115,53,79,62,63,7,9,8,8,29,46,31,33,1
143,96,96,110,53,85,62,69,7,9,8,8,34,43,33,30,1
147,98,99,113,56,87,60,71,7,9,8,8,33,45,29,34,1
145,98,97,113,47,71,54,58,7,8,7,8,28,38,32,29,1
147,101,99,113,69,101,75,85,8,10,9,9,32,41,33,35,1
147,100,98,113,59,82,66,70,8,9,8,8,31,41,30,33,1
146,100,99,114,73,107,88,91,9,10,9,10,32,35,34,30,1
142,97,95,111,50,72,54,61,7,8,7,8,25,39,29,30,1
151,100,99,115,48,80,56,63,7,9,7,8,28,43,25,31,1
147,98,98,112,48,75,53,62,7,9,7,8,26,39,25,32,1
148,98,99,112,53,80,56,65,7,9,7,8,27,42,30,32,1
148,97,96,112,50,76,51,60,7,9,7,8,28,41,26,31,1
146,95,94,110,45,72,48,55,7,8,7,7,28,33,24,26,1
146,94,93,108,51,74,51,61,7,9,7,8,33,36,26,31,1
134,90,83,100,54,91,61,74,7,10,8,9,27,36,32,27,1
144,94,94,108,64,102,66,82,8,10,8,9,30,39,29,37,1
142,92,88,106,53,79,56,65,7,9,7,8,29,37,31,33,1
144,93,91,108,51,74,50,59,7,9,7,8,31,38,33,29,1
146,94,96,111,61,85,66,71,8,9,8,8,35,37,36,32,1
145,95,96,110,61,89,71,74,8,9,8,9,32,39,38,30,1
141,92,89,108,71,105,84,86,8,10,9,9,31,40,45,35,1
145,94,96,108,60,87,66,71,8,9,8,8,34,44,37,31,1
146,93,96,108,55,78,67,65,7,9,8,8,35,39,43,32,1
151,98,103,114,75,97,80,79,9,10,9,9,37,41,36,34,1
154,100,106,116,89,91,84,76,9,10,9,9,87,45,41,35,1
154,101,105,118,136,103,85,85,12,10,9,9,132,44,36,37,1
155,102,107,119,199,111,89,89,14,11,9,9,187,50,37,38,1
158,102,107,120,204,115,97,90,14,11,10,10,192,52,49,41,1
157,103,105,119,267,111,85,88,16,11,9,9,230,52,34,40,1
158,102,106,120,186,101,82,82,14,10,9,9,182,50,37,38,1
158,102,107,120,120,93,75,77,11,10,9,9,127,44,32,35,1
159,102,109,120,108,109,94,90,10,10,10,9,94,46,42,36,1
153,99,104,117,95,121,94,94,10,11,10,10,71,46,43,37,1
149,94,100,109,58,77,72,68,8,9,9,8,32,42,44,35,1
144,94,95,110,62,79,66,69,8,9,8,8,29,36,36,31,1
137,90,90,103,84,118,99,98,9,11,10,10,38,42,40,37,1
136,89,89,101,80,107,94,95,9,10,10,10,38,39,47,37,1
134,88,87,100,72,94,83,82,8,10,9,9,31,33,37,33,1
130,84,81,95,67,95,69,81,8,10,8,9,34,39,32,32,1
125,83,79,94,59,81,59,68,8,9,8,8,27,33,29,30,1
125,83,75,93,68,92,64,74,8,10,8,9,39,43,39,37,1
121,85,81,94,44,60,69,53,7,8,8,7,47,44,57,38,1
124,82,80,92,67,96,62,76,8,10,8,9,42,49,42,42,1
124,82,80,93,45,59,46,48,7,8,7,7,34,32,39,35,1
132,87,87,99,92,131,90,106,10,11,10,10,36,61,46,49,1
122,82,80,93,42,67,44,51,6,8,7,7,28,50,31,26,1
127,87,83,97,51,81,54,63,7,9,7,8,29,40,33,29,1
128,86,87,97,44,75,51,57,7,9,7,8,26,40,28,29,1
136,94,95,105,54,91,56,67,7,10,7,8,37,51,32,35,1
132,94,92,103,103,183,126,142,10,14,11,12,43,59,46,47,1
135,94,94,104,64,101,69,81,8,10,8,9,37,48,43,44,1
132,92,90,102,60,94,67,72,8,10,8,9,36,42,33,35,1
129,91,88,101,44,71,53,57,7,8,7,8,29,38,31,27,1
120,87,79,94,34,57,38,47,6,8,6,7,23,35,30,26,1
122,90,83,97,36,58,40,48,6,8,6,7,27,32,27,27,1
128,91,87,100,45,74,46,58,7,9,7,8,35,41,32,31,1
128,92,88,101,42,68,48,53,6,8,7,7,47,40,50,47,1
133,93,88,103,53,94,57,66,7,10,8,8,39,55,42,50,1
128,94,83,102,56,94,58,73,8,10,8,9,39,45,38,37,1
129,93,84,102,62,108,76,85,8,10,9,9,36,45,48,38,1
130,86,80,100,63,91,65,78,8,10,8,9,38,40,37,34,1
134,89,88,102,80,111,84,96,9,11,9,10,40,47,40,38,1
135,89,86,102,78,94,79,85,9,10,9,9,35,38,35,33,1
133,87,83,101,91,119,96,105,10,11,10,10,39,41,44,38,1
141,90,90,104,87,108,90,95,9,10,9,10,35,53,48,39,1
143,93,91,107,69,82,69,75,8,9,8,9,34,37,34,33,1
143,93,93,107,86,112,88,95,9,11,9,10,52,51,35,35,1
144,93,91,106,78,98,76,85,9,10,9,9,33,39,35,37,1
140,93,91,107,92,136,106,111,10,12,10,11,42,52,39,40,1
132,89,84,100,76,88,79,78,9,9,9,9,35,37,30,31,1
119,77,73,90,128,167,130,147,11,13,11,12,53,56,50,52,1
113,77,68,85,197,277,195,238,14,17,14,15,67,81,54,78,1
117,82,75,90,342,529,324,442,19,23,18,21,96,122,75,127,1
117,81,75,90,413,798,444,591,20,28,21,24,88,174,88,128,1
114,81,68,87,456,886,488,598,21,30,22,24,111,181,100,123,1
113,80,65,86,472,908,499,680,22,30,22,26,102,160,96,145,1
105,71,60,78,471,831,517,659,22,29,23,26,102,182,92,131,1
105,69,59,77,427,763,517,625,21,28,23,25,77,122,78,103,1
107,71,62,79,527,804,539,704,23,28,23,27,91,111,87,118,1
110,73,64,81,506,788,548,696,22,28,23,26,94,108,86,113,1
108,72,62,80,536,805,543,712,23,28,23,27,99,113,84,114,1
104,67,57,75,465,709,527,618,22,27,23,25,81,101,85,107,1
105,68,59,77,471,641,504,570,22,25,22,24,92,95,89,106,1
105,69,58,77,468,666,493,590,22,26,22,24,79,100,78,98,1
107,69,60,78,389,594,422,517,20,24,21,23,73,95,74,90,1
109,70,63,80,376,552,406,467,19,23,20,22,74,98,79,79,1
116,78,71,87,409,553,402,474,20,24,20,22,90,98,71,94,1
113,75,68,84,304,436,363,380,17,21,19,20,75,92,95,78,1
117,81,69,89,322,463,346,399,18,22,19,20,71,88,80,83,1
117,80,67,87,279,420,295,349,17,20,17,19,57,86,80,78,1
117,80,71,89,382,550,381,486,20,23,20,22,74,96,81,100,1
114,78,66,87,362,549,401,467,19,23,20,22,64,100,79,93,1
114,78,66,87,378,599,375,508,19,24,19,23,64,86,63,100,1
115,79,66,87,424,639,406,538,21,25,20,23,68,98,74,101,1
112,77,65,85,425,668,410,546,21,26,20,23,77,99,70,86,1
114,77,66,85,508,762,475,635,23,28,22,25,89,111,78,114,1
106,69,60,78,429,644,436,537,21,25,21,23,82,110,69,87,1
102,63,52,75,390,600,446,501,20,24,21,22,75,110,90,84,1
92,55,45,66,393,589,448,494,20,24,21,22,85,122,86,85,1
82,45,36,57,368,561,481,465,19,24,22,22,80,120,107,98,1
81,44,35,56,337,606,438,450,18,25,21,21,79,138,92,103,1
80,43,33,54,324,607,433,455,18,25,21,21,71,135,84,91,1
79,45,29,55,303,531,423,424,17,23,21,21,83,130,95,112,1
73,45,25,51,247,405,375,325,16,20,19,18,79,105,104,107,1
82,49,33,58,299,531,414,419,17,23,20,20,70,115,106,103,1
82,47,31,57,324,543,380,416,18,23,19,20,87,122,100,96,1
84,50,33,60,299,588,406,436,17,24,20,21,70,125,92,109,1
75,45,27,52,254,463,317,348,16,22,18,19,83,112,81,101,1
82,48,35,58,338,528,363,424,18,23,19,21,87,126,88,108,1
92,54,42,66,372,575,425,457,19,24,21,21,91,121,91,94,1
102,64,51,75,446,644,481,539,21,25,22,23,77,109,94,87,1
97,59,46,71,379,578,522,501,19,24,23,22,68,89,101,87,1
102,64,54,75,430,704,562,579,21,27,24,24,76,103,99,94,1
101,60,52,73,411,716,558,571,20,27,24,24,78,101,88,82,1
105,66,58,78,408,769,591,618,20,28,24,25,75,123,105,93,1
111,72,67,85,498,837,644,676,22,29,25,26,104,132,108,111,1
106,67,62,80,456,798,578,669,21,28,24,26,81,125,94,100,1
111,73,68,86,482,804,575,654,22,28,24,26,105,129,105,114,1
117,79,76,91,1195,735,524,580,35,27,23,24,471,124,96,109,1
118,80,79,93,1622,648,545,534,40,25,23,23,586,125,132,100,1
113,74,71,88,1766,636,549,510,42,25,23,23,621,118,127,114,1
107,65,63,80,1339,704,532,535,37,27,23,23,508,132,128,106,1
114,75,72,89,1196,676,510,566,35,26,23,24,467,113,117,101,1
115,75,72,86,667,836,619,683,26,29,25,26,234,143,112,118,1
98,59,58,72,456,776,543,618,21,28,23,25,87,142,100,112,1
105,67,64,80,509,893,613,705,23,30,25,27,102,135,104,115,1
97,59,53,72,493,898,673,713,22,30,26,27,84,133,115,110,1
89,53,46,65,463,783,645,636,22,28,25,25,85,130,108,100,1
92,59,49,69,456,761,577,631,21,28,24,25,72,133,97,96,1
98,62,50,74,426,670,506,563,21,26,22,24,86,97,79,76,1
100,65,57,74,417,654,454,546,20,26,21,23,76,86,75,81,1
103,67,60,76,400,596,426,505,20,24,21,22,71,80,65,81,1
104,69,62,78,413,570,431,498,20,24,21,22,68,90,73,78,1
105,69,62,79,345,480,357,412,19,22,19,20,70,85,56,76,1
104,68,63,77,330,462,343,396,18,21,19,20,69,84,75,73,1
102,67,61,76,355,499,373,437,19,22,19,21,68,75,88,76,1
103,68,61,77,318,432,337,380,18,21,18,19,64,69,70,64,1
104,70,64,79,292,400,301,350,17,20,17,19,57,64,57,70,1
103,70,61,78,257,370,288,318,16,19,17,18,63,71,65,65,1
105,71,64,80,244,370,263,308,16,19,16,18,54,73,54,60,1
107,75,66,83,289,444,316,372,17,21,18,19,57,77,66,71,1
107,75,67,82,338,526,386,434,18,23,20,21,69,88,68,79,1
108,73,63,82,387,567,397,479,20,24,20,22,70,79,72,75,1
107,75,63,82,356,592,365,483,19,24,19,22,74,93,70,81,1
106,72,61,80,325,533,366,452,18,23,19,21,75,93,70,83,1
110,76,65,84,414,633,406,522,20,25,20,23,92,104,70,102,1
109,75,66,83,379,510,393,449,19,23,20,21,86,101,85,105,1
98,66,56,76,350,452,397,431,19,21,20,21,78,81,90,78,1
101,69,59,77,376,559,437,488,19,24,21,22,88,98,89,82,1
105,74,63,81,421,636,504,544,21,25,22,23,85,97,144,92,1
106,73,64,81,404,677,483,586,20,26,22,24,75,113,92,98,1
109,76,65,84,458,784,554,667,21,28,24,26,111,114,106,108,1
109,75,64,82,462,754,521,675,21,27,23,26,113,119,95,127,1
111,75,65,82,489,846,566,685,22,29,24,26,115,149,94,144,1
105,71,61,78,399,659,465,538,20,26,22,23,109,126,87,118,1
109,76,66,83,419,707,552,610,20,27,23,25,103,138,105,121,1
111,76,64,84,461,698,551,634,21,26,23,25,101,114,100,120,1
110,72,60,80,456,762,502,621,21,28,22,25,87,128,103,107,1
107,71,58,79,420,675,518,587,20,26,23,24,84,104,87,94,1
105,69,58,77,469,677,486,594,22,26,22,24,104,102,86,89,1
106,69,58,78,393,638,512,560,20,25,23,24,82,102,83,89,1
106,68,59,77,425,650,484,555,21,26,22,24,84,88,97,83,1
107,68,61,78,504,727,553,616,22,27,24,25,95,95,101,110,1
105,68,58,77,483,739,584,639,22,27,24,25,100,98,90,92,1
106,70,59,79,590,949,691,798,24,31,26,28,105,130,94,119,1
102,63,57,73,599,950,731,800,24,31,27,28,98,112,103,109,1
100,61,55,71,628,904,688,783,25,30,26,28,95,111,85,104,1
96,56,51,67,671,962,813,827,26,31,29,29,102,125,96,98,1
97,59,52,71,739,1276,1003,1070,27,36,32,33,106,133,120,115,1
98,57,53,68,927,1642,1254,1349,30,41,35,37,115,159,139,143,1
96,56,53,67,940,1703,1301,1342,31,41,36,37,119,153,135,150,1
90,50,50,61,959,1846,1319,1436,31,43,36,38,156,171,140,139,1
111,63,61,78,995,1059,809,968,32,33,28,31,138,141,114,141,1
103,61,56,72,446,693,560,583,21,26,24,24,79,87,81,83,1
103,61,54,72,434,714,557,579,21,27,24,24,70,91,88,97,1
103,59,56,71,475,874,623,692,22,30,25,26,81,122,81,97,1
106,57,57,71,637,856,729,755,25,29,27,27,98,102,108,101,1
98,54,49,66,433,729,593,594,21,27,24,24,76,103,84,77,1
99,57,52,70,474,868,714,691,22,29,27,26,76,120,120,93,1
94,51,49,65,476,839,682,673,22,29,26,26,76,111,87,86,1
95,52,51,66,477,805,705,659,22,28,27,26,83,113,96,93,1
89,47,48,61,501,932,702,701,22,31,27,26,84,126,88,96,1
88,46,49,60,503,879,670,691,22,30,26,26,83,130,96,99,1
84,44,47,58,535,1132,779,841,23,34,28,29,81,171,113,113,1
86,45,48,59,516,1023,775,770,23,32,28,28,103,158,121,110,1
93,49,52,61,542,877,693,711,23,30,26,27,93,106,86,92,1
96,52,54,65,549,899,736,740,23,30,27,27,96,107,106,102,1
102,58,60,71,475,773,629,654,22,28,25,26,91,99,85,109,1
101,59,61,71,455,688,612,616,21,26,25,25,84,100,97,94,1
103,61,60,73,441,607,516,539,21,25,23,23,89,101,82,98,1
106,61,61,74,501,618,569,565,22,25,24,24,118,90,101,102,1
107,68,63,78,371,547,445,471,19,23,21,22,80,109,89,88,1
109,68,63,79,358,562,397,471,19,24,20,22,83,122,78,93,1
111,68,65,80,344,505,415,437,19,22,20,21,71,105,94,89,1
109,67,62,78,330,500,413,430,18,22,20,21,70,84,84,84,1
106,66,58,76,298,455,352,387,17,21,19,20,77,92,75,86,1
105,63,60,74,297,419,363,375,17,20,19,19,72,79,84,73,1
106,64,60,75,289,422,335,378,17,21,18,19,64,79,73,71,1
107,66,60,77,330,459,366,402,18,21,19,20,76,71,72,77,1
108,67,61,77,311,528,396,436,18,23,20,21,71,92,89,79,1
105,64,59,74,315,475,351,397,18,22,19,20,70,87,61,74,1
101,61,56,74,312,516,410,427,18,23,20,21,69,89,85,79,1
99,58,54,71,329,514,395,417,18,23,20,20,79,110,73,68,1
97,58,52,70,321,528,422,444,18,23,21,21,65,93,97,75,1
99,58,54,71,349,611,450,487,19,25,21,22,83,102,85,84,1
97,57,52,69,368,607,474,501,19,25,22,22,75,103,92,89,1
98,57,52,68,380,622,473,512,19,25,22,23,73,99,74,83,1
101,60,58,73,494,764,604,647,22,28,25,25,95,108,95,93,1
103,59,55,71,458,735,608,607,21,27,25,25,82,113,96,86,1
100,57,55,69,517,839,640,703,23,29,25,27,90,127,86,96,1
102,58,58,71,672,943,814,815,26,31,29,29,106,109,100,104,1
96,54,55,66,649,984,848,841,25,31,29,29,104,121,110,105,1
90,49,51,63,730,1217,959,1013,27,35,31,32,101,161,101,119,1
91,49,51,63,719,1304,1048,1044,27,36,32,32,95,150,114,113,1
89,49,50,63,737,1380,1106,1108,27,37,33,33,93,160,145,132,1
90,50,52,61,840,1390,1229,1176,29,37,35,34,97,142,150,128,1
90,49,51,63,748,1238,1031,1026,27,35,32,32,99,135,120,130,1
91,51,52,62,757,1420,1111,1112,28,38,33,33,99,164,147,118,1
92,51,52,62,788,1311,1037,1063,28,36,32,33,116,154,127,116,1
88,48,50,62,554,1032,760,791,24,32,28,28,93,143,126,102,1
92,51,52,62,585,1059,785,833,24,33,28,29,91,140,106,106,1
89,49,50,62,490,921,720,711,22,30,27,27,77,129,105,97,1
91,51,51,64,482,897,644,705,22,30,25,27,87,135,102,96,1
91,51,51,64,474,843,667,658,22,29,26,26,78,150,113,115,1
86,47,48,61,390,750,537,570,20,27,23,24,81,135,97,96,1
86,46,48,60,402,692,547,559,20,26,23,24,80,116,115,102,1
90,54,48,66,328,636,485,502,18,25,22,22,69,139,107,91,1
94,57,50,68,372,607,489,506,19,25,22,22,69,109,97,88,1
94,58,49,69,336,574,432,465,18,24,21,22,63,124,78,77,1
97,61,52,68,360,541,465,463,19,23,22,22,80,96,83,92,1
96,62,50,72,302,519,404,427,17,23,20,21,65,95,87,84,1
99,61,52,70,295,505,393,418,17,22,20,20,70,85,80,71,1
98,62,51,72,291,425,335,358,17,21,18,19,76,81,79,76,1
99,62,52,70,291,491,367,399,17,22,19,20,69,92,73,80,1
100,64,52,75,264,478,382,387,16,22,20,20,64,96,89,73,1
101,64,54,76,285,489,371,400,17,22,19,20,69,92,73,74,1
100,64,53,75,274,479,354,378,17,22,19,19,66,89,69,71,1
99,62,52,74,262,451,388,364,16,21,20,19,64,90,164,66,1
98,61,53,73,265,429,367,367,16,21,19,19,64,86,86,71,1
99,65,53,75,265,493,382,379,16,22,20,19,70,88,90,79,1
96,58,52,71,266,464,350,370,16,22,19,19,66,102,94,71,1
96,57,53,71,277,447,376,377,17,21,19,19,61,94,84,81,1
94,53,48,68,282,451,351,385,17,21,19,20,74,91,87,95,1
85,46,41,60,263,377,336,332,16,19,18,18,70,95,86,84,1
84,47,44,60,280,397,349,341,17,20,19,18,74,100,91,90,1
82,47,41,59,234,373,256,303,15,19,16,17,84,102,63,86,1
80,44,40,57,249,331,261,289,16,18,16,17,74,87,77,84,1
88,51,44,64,238,359,291,296,15,19,17,17,64,81,77,78,1
82,46,39,59,212,334,261,267,15,18,16,16,66,85,66,73,1
81,44,38,57,234,350,282,291,15,19,17,17,76,97,84,83,1
75,40,35,53,217,342,279,278,15,18,17,17,74,115,87,86,1
82,46,39,59,236,364,254,285,15,19,16,17,74,104,69,88,1
79,43,35,55,277,328,310,297,17,18,18,17,86,100,89,93,1
85,48,43,62,262,370,322,325,16,19,18,18,73,105,88,102,1
80,44,40,57,275,297,272,277,17,17,16,17,97,86,103,83,1
90,49,47,64,261,369,286,319,16,19,17,18,68,92,76,88,1
99,59,53,73,255,417,293,339,16,20,17,18,56,99,70,81,1
98,57,53,71,230,343,262,292,15,19,16,17,57,77,73,61,1
100,58,57,72,215,342,281,279,15,18,17,17,69,77,68,58,1
103,60,56,74,244,362,267,308,16,19,16,18,67,79,60,61,1
106,63,57,77,238,397,266,311,15,20,16,18,63,112,58,71,1
106,64,61,78,237,327,264,289,15,18,16,17,58,87,66,76,1
108,68,62,81,230,323,274,285,15,18,17,17,54,74,75,65,1
108,69,62,82,209,308,232,268,14,18,15,16,54,74,61,65,1
113,73,67,87,240,349,277,302,15,19,17,17,63,83,74,82,1
112,73,67,86,230,357,266,304,15,19,16,17,55,83,62,66,1
118,76,73,90,290,403,344,363,17,20,19,19,64,86,87,78,1
113,73,68,87,266,344,268,317,16,19,16,18,78,75,70,72,1
113,74,72,87,250,361,319,320,16,19,18,18,70,80,80,73,1
119,79,77,90,322,469,357,418,18,22,19,20,69,99,71,81,1
116,75,75,89,285,403,333,357,17,20,18,19,59,85,68,78,1
119,79,76,92,279,435,343,379,17,21,19,19,64,79,71,75,1
115,73,74,87,270,372,313,333,16,19,18,18,73,88,67,84,1
118,77,76,90,245,355,292,331,16,19,17,18,62,80,63,78,1
118,76,76,89,258,378,363,326,16,19,19,18,104,90,82,72,1
119,74,76,88,264,300,305,266,16,17,17,16,127,81,85,75,1
121,78,78,93,455,351,366,312,21,19,19,18,257,91,94,87,1
119,72,74,88,590,249,230,218,24,16,15,15,349,87,67,78,1
115,66,71,83,603,259,223,202,25,16,15,14,359,88,84,80,1
129,83,83,98,719,335,268,255,27,18,16,16,389,97,74,80,1
122,74,75,91,576,322,215,209,24,18,15,14,354,119,76,71,1
99,53,61,68,154,278,229,212,12,17,15,15,67,84,70,70,1
118,68,72,84,468,242,188,171,22,16,14,13,311,77,70,65,1
122,71,74,88,542,256,187,190,23,16,14,14,340,88,63,67,1
106,51,62,71,282,286,208,197,17,17,14,14,213,103,75,71,1
117,64,72,82,315,293,219,208,18,17,15,14,235,101,68,71,1
119,68,74,86,330,295,240,217,18,17,15,15,243,85,71,70,1
121,70,76,88,303,284,215,194,17,17,15,14,240,94,65,63,1
122,73,76,90,348,298,242,205,19,17,16,14,259,109,73,62,1
117,65,72,83,328,257,211,197,18,16,15,14,246,71,69,67,1
113,66,69,81,203,306,264,220,14,17,16,15,154,85,91,66,1
108,65,65,80,190,295,224,212,14,17,15,15,147,87,71,75,1
117,78,70,90,233,363,260,255,15,19,16,16,175,96,67,79,1
111,71,65,84,227,328,234,225,15,18,15,15,180,106,81,79,1
110,65,63,80,212,320,246,222,15,18,16,15,166,106,82,85,1
106,61,59,77,196,310,236,222,14,18,15,15,146,105,71,89,1
113,70,64,84,187,370,260,237,14,19,16,15,143,110,102,87,1
112,69,64,82,178,358,252,235,13,19,16,15,134,90,74,74,1
110,64,62,78,175,344,253,241,13,19,16,16,107,96,66,79,1
105,59,56,74,173,325,257,226,13,18,16,15,112,82,72,73,1
109,61,61,76,168,308,228,212,13,18,15,15,115,92,72,62,1
117,73,68,88,131,311,242,219,11,18,16,15,87,74,69,68,1
122,77,71,92,229,352,228,230,15,19,15,15,170,91,55,61,1
124,79,74,93,226,346,260,237,15,19,16,15,173,100,79,66,1
126,82,75,96,220,353,268,231,15,19,16,15,173,96,84,57,1
121,76,70,91,218,348,282,229,15,19,17,15,176,99,101,76,1
122,78,75,93,208,365,237,236,14,19,15,15,168,97,60,64,1
121,76,73,91,206,374,283,226,14,19,17,15,166,89,82,58,1
125,81,77,95,212,395,293,263,15,20,17,16,150,106,69,65,1
116,67,67,84,191,380,246,247,14,19,16,16,139,97,81,79,1
121,78,74,92,240,376,266,263,15,19,16,16,161,90,71,72,1
105,58,64,75,176,307,174,207,13,18,13,14,143,92,64,69,1
105,61,64,76,203,351,227,237,14,19,15,15,145,87,69,79,1
127,84,83,99,177,391,302,274,13,20,17,17,124,96,84,81,1
135,91,89,106,237,380,253,263,15,19,16,16,180,84,58,65,1
136,91,89,106,233,360,258,236,15,19,16,15,168,92,65,67,1
135,92,89,106,227,333,258,229,15,18,16,15,176,80,69,61,1
133,89,86,102,236,326,221,224,15,18,15,15,193,83,63,66,1
135,91,88,105,239,341,236,248,15,18,15,16,191,88,62,69,1
124,85,81,97,170,356,216,238,13,19,15,15,132,95,62,75,1
126,86,81,99,168,361,285,275,13,19,17,17,109,83,67,76,1
121,84,78,95,214,371,287,264,15,19,17,16,154,85,84,66,1
117,80,75,92,202,313,238,238,14,18,15,15,148,66,78,71,1
116,78,76,90,296,276,205,192,17,17,14,14,237,73,69,64,1
104,64,66,76,353,264,155,185,19,16,12,14,265,82,59,60,1
108,69,70,84,328,206,135,151,18,14,12,12,259,70,62,54,1
119,83,77,97,346,177,122,132,19,13,11,11,273,60,49,53,1
137,99,93,112,483,172,121,125,22,13,11,11,339,59,51,51,1
137,99,93,111,596,174,131,127,24,13,11,11,380,58,56,47,1
133,95,90,108,500,170,129,127,22,13,11,11,343,55,46,48,1
138,98,94,111,616,209,169,156,25,14,13,12,383,62,54,51,1
138,98,94,112,550,205,168,161,23,14,13,13,358,60,53,50,1
141,100,97,113,544,224,189,174,23,15,14,13,349,65,55,56,1
142,100,97,113,648,244,201,184,25,16,14,14,387,67,58,54,1
145,103,100,117,788,218,208,155,28,15,14,12,435,72,66,55,1
159,115,110,129,642,176,196,147,25,13,14,12,390,52,63,48,1
168,120,116,136,996,140,150,121,32,12,12,11,494,51,51,42,1
178,125,122,143,1019,157,166,145,32,13,13,12,495,54,50,51,1
179,125,124,142,595,189,187,167,24,14,14,13,360,50,55,48,1
182,126,124,143,480,196,196,174,22,14,14,13,315,52,56,62,1
181,126,125,143,527,216,211,184,23,15,15,14,330,59,63,63,1
181,127,123,143,433,190,178,166,21,14,13,13,298,53,52,56,1
176,121,121,138,381,179,188,162,20,13,14,13,271,50,59,48,1
177,122,122,141,333,183,187,168,18,14,14,13,243,55,63,50,1
182,126,125,144,421,181,181,164,21,13,13,13,289,51,66,54,1
178,125,123,141,350,194,195,170,19,14,14,13,253,58,53,49,1
173,121,119,138,329,203,196,179,18,14,14,13,241,47,61,51,1
169,120,117,136,338,177,160,139,18,13,13,12,261,59,57,47,1
166,117,115,133,325,151,160,119,18,12,13,11,257,54,69,42,1
163,114,113,130,358,141,141,120,19,12,12,11,271,47,66,45,1
161,113,110,128,409,132,129,110,20,11,11,10,298,46,49,51,1
159,112,109,126,487,140,135,121,22,12,12,11,328,45,57,48,1
159,111,108,126,496,131,122,108,22,11,11,10,338,52,46,45,1
155,110,106,123,379,115,103,98,19,11,10,10,293,45,41,40,1
153,106,106,120,430,130,107,108,21,11,10,10,310,49,41,46,1
151,105,104,119,279,145,115,117,17,12,11,11,235,53,45,45,1
146,101,100,115,210,152,127,122,15,12,11,11,173,48,50,46,1
142,100,101,114,131,147,117,117,11,12,11,11,95,47,44,44,1
134,97,97,110,163,173,166,157,13,13,13,13,71,51,63,58,1
131,93,93,106,186,191,196,175,14,14,14,13,89,55,69,67,1
130,91,93,104,166,181,185,173,13,13,14,13,67,51,73,62,1
130,92,91,104,166,176,188,162,13,13,14,13,67,51,80,55,1
133,95,94,107,153,143,147,132,12,12,12,11,70,45,65,56,1
133,96,92,106,165,181,150,159,13,13,12,13,79,67,59,59,1
143,100,100,114,145,186,159,150,12,14,13,12,92,63,66,54,1
149,105,104,119,136,152,128,123,12,12,11,11,113,52,57,43,1
148,105,102,118,177,186,155,148,13,14,12,12,141,59,54,57,1
139,99,96,111,221,132,111,105,15,11,11,10,197,53,45,47,1
131,94,91,106,287,103,87,77,17,10,9,9,251,42,44,40,1
123,84,82,97,391,149,125,118,20,12,11,11,291,56,57,49,1
108,69,71,81,252,190,140,150,16,14,12,12,208,75,60,57,1
101,62,62,73,165,253,184,212,13,16,14,15,66,72,55,60,1
92,56,55,68,146,239,161,191,12,15,13,14,63,70,50,58,1
107,68,67,78,229,419,324,324,15,20,18,18,71,106,91,83,1
108,66,68,79,292,457,331,361,17,21,18,19,109,116,84,105,1
104,63,64,75,296,493,328,398,17,22,18,20,102,127,82,122,1
106,63,68,77,296,506,414,393,17,22,20,20,95,116,91,109,1
108,63,67,77,273,480,400,383,17,22,20,20,84,107,106,107,1
113,68,69,82,372,443,370,355,19,21,19,19,172,95,99,112,1
109,66,68,80,306,413,358,330,17,20,19,18,118,117,98,97,1
110,64,68,79,269,392,347,321,16,20,19,18,97,99,93,84,1
107,63,68,77,252,389,323,316,16,20,18,18,85,100,75,92,1
97,58,59,69,249,315,318,281,16,18,18,17,81,91,96,88,1
92,54,57,65,254,311,262,277,16,18,16,17,63,78,66,66,1
112,74,75,86,529,312,245,273,23,18,16,17,287,71,64,67,1
94,58,56,68,243,329,264,289,16,18,16,17,69,76,58,64,1
98,62,62,72,181,312,243,249,13,18,16,16,65,74,60,60,1
98,61,64,74,167,303,275,251,13,17,17,16,54,76,68,61,1
92,59,57,70,126,236,201,180,11,15,14,13,42,79,63,52,1
93,59,59,68,161,274,243,231,13,17,16,15,56,73,77,71,1
92,59,60,69,149,297,220,235,12,17,15,15,68,88,66,71,1
96,59,62,70,158,326,279,259,13,18,17,16,62,107,90,89,1
100,59,64,73,179,387,294,293,13,20,17,17,56,100,70,78,1
96,58,59,68,158,305,238,233,13,17,15,15,55,75,64,61,1
98,59,63,72,150,326,260,241,12,18,16,16,41,83,71,65,1
89,56,56,67,114,236,187,179,11,15,14,13,44,87,61,66,1
99,63,67,75,104,227,208,179,10,15,14,13,42,60,67,60,1
123,83,76,95,183,220,168,168,14,15,13,13,174,61,58,67,1
124,85,79,97,173,207,157,139,13,14,13,12,182,77,52,55,1
123,82,77,95,169,208,164,151,13,14,13,12,179,65,67,59,1
121,82,76,94,191,236,163,164,14,15,13,13,188,79,58,69,1
119,80,74,93,226,250,199,174,15,16,14,13,205,79,64,56,1
112,75,70,87,240,230,181,160,15,15,13,13,213,68,64,55,1
106,68,68,81,225,246,186,177,15,16,14,13,194,91,60,57,1
106,68,70,81,273,234,202,181,17,15,14,13,220,72,71,62,1
106,68,69,80,313,276,248,219,18,17,16,15,216,70,74,74,1
110,72,71,85,346,389,339,288,19,20,18,17,214,90,95,96,1
111,73,73,85,325,322,280,246,18,18,17,16,219,85,72,73,1
109,68,69,81,330,299,226,209,18,17,15,14,242,75,65,59,1
111,72,71,85,309,278,228,207,18,17,15,14,230,74,62,61,1
114,71,70,85,300,272,206,195,17,17,14,14,228,75,62,60,1
114,72,72,86,344,281,218,200,19,17,15,14,258,67,59,55,1
118,76,76,90,360,253,171,182,19,16,13,13,271,78,49,51,1
121,79,78,93,338,200,146,143,18,14,12,12,267,60,49,52,1
130,87,86,101,274,117,86,84,17,11,9,9,249,45,38,40,1
142,98,97,111,248,67,56,51,16,8,7,7,243,36,35,29,1
144,99,100,114,253,81,60,61,16,9,8,8,240,51,34,33,1
149,102,102,115,280,82,58,61,17,9,8,8,254,43,32,34,1
151,101,102,116,271,70,52,56,16,8,7,7,249,37,36,34,1
148,98,98,114,249,86,69,71,16,9,8,8,232,44,34,36,1
155,99,101,117,202,52,44,43,14,7,7,7,214,34,31,33,1
153,99,102,117,154,46,39,38,12,7,6,6,183,34,32,30,1
149,99,102,114,116,72,60,58,11,8,8,8,141,46,46,36,1
150,99,104,116,56,44,35,36,7,7,6,6,89,30,30,29,1
140,95,98,109,42,56,40,47,6,8,6,7,29,40,33,32,1
145,96,101,112,80,52,39,42,9,7,6,6,114,38,28,32,1
159,107,115,127,154,41,34,36,12,6,6,6,184,34,24,25,1
145,100,103,115,192,56,41,46,14,7,6,7,203,40,27,32,1
139,94,99,109,87,48,33,40,9,7,6,6,119,38,27,29,1
143,95,98,111,68,34,28,28,8,6,5,5,110,33,25,23,1
146,99,102,114,136,38,29,32,12,6,5,6,172,31,31,26,1
141,96,98,111,104,38,28,33,10,6,5,6,141,29,21,23,1
141,95,96,110,96,32,32,28,10,6,6,5,138,26,29,33,1
135,91,90,105,103,36,35,33,10,6,6,6,143,29,31,27,1
137,94,93,107,127,30,29,27,11,5,5,5,166,23,28,22,1
134,92,90,105,150,36,39,31,12,6,6,6,181,27,32,25,1
132,91,86,104,95,32,34,27,10,6,6,5,139,25,31,25,1
135,94,90,107,72,32,27,26,9,6,5,5,114,29,28,28,1
132,93,87,104,77,49,44,37,9,7,7,6,115,31,36,26,1
129,89,84,101,30,35,34,29,5,6,6,5,34,23,34,23,1
128,89,83,99,25,35,31,27,5,6,6,5,27,25,27,24,1
134,93,89,105,27,35,37,30,5,6,6,5,29,31,35,31,1
145,100,97,114,34,38,35,33,6,6,6,6,40,30,29,30,1
142,99,95,111,37,41,38,36,6,6,6,6,44,38,36,36,1
146,100,100,114,31,22,23,20,6,5,5,4,54,25,26,22,1
152,101,101,116,89,36,32,31,9,6,6,6,133,26,30,29,1
158,104,107,121,72,34,26,28,8,6,5,5,120,26,27,28,1
178,116,120,136,55,49,37,36,7,7,6,6,94,32,24,22,1
169,107,114,127,88,46,34,33,9,7,6,6,134,38,23,26,1
174,111,116,131,117,57,40,42,11,8,6,6,158,34,27,25,1
169,104,112,125,68,45,36,33,8,7,6,6,113,32,28,25,1
172,104,112,126,97,42,29,28,10,7,5,5,145,34,26,20,1
172,107,110,127,134,51,36,39,12,7,6,6,171,39,23,27,1
174,108,112,129,153,52,41,38,12,7,6,6,184,36,30,26,1
179,111,116,133,124,60,50,45,11,8,7,7,159,36,36,31,1
173,108,111,129,119,65,52,50,11,8,7,7,156,40,33,33,1
180,111,115,134,117,68,59,54,11,8,8,7,152,40,30,32,1
185,112,118,135,124,81,62,57,11,9,8,8,156,54,36,42,1
191,114,121,138,171,79,55,54,13,9,7,7,193,48,35,32,1
193,118,122,139,197,92,80,68,14,10,9,8,206,43,39,30,1
196,121,123,144,265,99,86,74,16,10,9,9,241,45,42,32,1
187,116,119,138,49,103,81,74,7,10,9,9,36,49,45,32,1
171,107,110,127,29,65,47,48,5,8,7,7,26,38,39,32,1
158,102,104,118,52,78,58,59,7,9,8,8,67,49,35,35,1
150,98,97,114,53,75,66,56,7,9,8,8,59,44,50,50,1
138,90,88,103,60,66,56,55,8,8,7,7,63,43,33,40,1
138,87,88,104,50,62,55,53,7,8,7,7,47,32,29,28,1
142,92,91,107,56,54,47,46,7,7,7,7,63,26,36,29,1
140,90,88,107,54,61,55,53,7,8,7,7,63,39,31,32,1
145,94,92,108,56,55,50,46,7,7,7,7,70,31,30,28,1
144,94,91,108,51,60,54,49,7,8,7,7,64,32,33,29,1
141,92,91,107,52,62,59,52,7,8,8,7,47,32,41,30,1
138,90,88,105,41,53,44,45,6,7,7,7,35,29,33,25,1
130,84,80,97,30,47,38,40,5,7,6,6,26,29,29,24,1
124,78,77,92,56,69,57,58,7,8,8,8,39,41,36,30,1
123,74,72,87,84,80,75,75,9,9,9,9,50,38,44,49,1
124,81,76,94,129,144,140,141,11,12,12,12,61,70,61,55,1
127,82,79,95,78,95,88,89,9,10,9,9,39,39,41,40,1
130,86,84,100,77,76,73,71,9,9,9,8,46,34,35,34,1
136,91,91,105,56,70,55,59,7,8,7,8,45,36,31,35,1
143,96,97,110,73,92,68,75,9,10,8,9,48,40,37,43,1
149,99,100,114,78,79,62,66,9,9,8,8,71,40,34,38,1
149,99,98,114,126,87,81,77,11,9,9,9,137,44,44,48,1
151,100,99,113,138,70,69,66,12,8,8,8,152,35,45,41,1
151,101,98,114,158,77,79,67,13,9,9,8,170,36,56,35,1
154,101,99,117,115,59,57,52,11,8,8,7,140,39,48,40,1
150,101,97,114,122,67,66,60,11,8,8,8,145,43,38,33,1
148,99,95,112,114,74,65,63,11,9,8,8,134,38,36,34,1
149,99,97,114,121,69,61,58,11,8,8,8,140,35,33,36,1
148,99,96,113,105,91,69,79,10,10,8,9,115,42,35,44,1
143,95,95,109,81,103,86,82,9,10,9,9,68,40,44,37,1
130,88,84,100,97,80,77,64,10,9,9,8,124,37,44,32,1
119,79,76,92,157,167,153,115,13,13,12,11,153,90,69,50,1
110,69,65,82,194,198,191,151,14,14,14,12,162,70,83,71,1
111,70,67,83,187,326,267,219,14,18,16,15,140,119,79,72,1
110,65,67,80,279,425,328,296,17,21,18,17,174,124,102,93,1
110,64,66,80,260,420,319,282,16,20,18,17,168,124,92,107,1
112,68,64,82,226,388,321,272,15,20,18,16,156,99,82,72,1
122,78,74,92,247,447,330,314,16,21,18,18,158,112,85,76,1
106,60,58,76,181,383,289,274,13,20,17,17,62,100,67,73,1
117,74,69,88,243,369,267,274,16,19,16,17,154,79,70,70,1
116,70,66,84,267,341,262,261,16,18,16,16,170,102,59,69,1
104,57,58,72,220,371,296,300,15,19,17,17,72,90,74,73,1
107,64,63,77,292,318,239,236,17,18,15,15,199,73,67,73,1
102,56,58,71,175,329,261,249,13,18,16,16,55,73,73,62,1
110,65,64,79,322,312,260,241,18,18,16,16,204,65,58,56,1
106,61,62,75,217,256,211,191,15,16,15,14,157,64,67,53,1
109,65,64,79,472,244,210,193,22,16,14,14,307,65,66,53,1
105,58,60,72,316,227,186,172,18,15,14,13,232,74,56,50,1
109,65,64,80,503,209,188,172,22,14,14,13,320,64,60,55,1
109,64,64,78,359,187,165,149,19,14,13,12,262,58,70,50,1
106,62,63,76,191,222,183,171,14,15,14,13,142,72,54,63,1
115,69,68,83,411,221,191,170,20,15,14,13,286,70,60,59,1
110,65,66,80,201,233,183,175,14,15,14,13,156,73,61,70,1
119,74,74,89,326,217,207,175,18,15,14,13,239,68,78,63,1
131,90,87,102,730,337,343,288,27,18,19,17,378,76,88,72,1
132,90,87,103,767,284,287,232,28,17,17,15,410,71,83,68,1
130,86,84,99,687,258,254,215,26,16,16,15,388,65,73,67,1
127,85,83,98,691,208,200,169,26,14,14,13,400,73,68,57,1
139,99,94,112,666,228,205,165,26,15,14,13,396,70,67,58,1
147,108,102,120,727,200,183,147,27,14,14,12,422,60,59,50,1
145,105,98,116,633,192,183,150,25,14,14,12,389,49,51,49,1
146,107,99,117,546,141,125,106,23,12,11,10,367,49,45,40,1
147,107,101,118,401,175,153,136,20,13,12,12,298,50,46,45,1
153,110,106,122,192,197,174,150,14,14,13,12,166,61,50,44,1
154,111,107,124,207,209,177,164,14,14,13,13,162,59,52,52,1
157,113,109,126,187,182,162,144,14,13,13,12,155,48,44,42,1
159,114,109,129,186,218,186,177,14,15,14,13,138,58,51,47,1
159,112,109,126,161,231,210,184,13,15,14,14,97,59,56,48,1
160,113,112,127,156,236,213,189,12,15,15,14,93,55,67,51,1
167,119,117,133,219,196,181,158,15,14,13,13,184,51,55,48,1
165,117,115,133,218,236,216,192,15,15,15,14,160,57,57,49,1
169,122,118,136,321,215,176,165,18,15,13,13,240,49,58,49,1
167,119,115,134,327,181,161,145,18,13,13,12,251,51,47,52,1
154,112,107,125,213,155,145,132,15,12,12,12,184,44,55,50,1
148,110,104,121,268,161,151,139,16,13,12,12,214,58,50,51,1
139,99,94,111,94,82,77,71,10,9,9,8,106,37,37,31,1
146,103,99,116,291,126,117,109,17,11,11,10,246,40,43,39,1
146,103,99,116,298,131,118,109,17,11,11,10,246,40,50,42,1
149,106,101,118,304,132,126,115,17,11,11,11,249,50,44,41,1
154,112,107,124,531,140,124,125,23,12,11,11,348,49,45,51,1
159,114,109,127,440,142,125,117,21,12,11,11,313,49,44,43,1
164,116,111,130,472,137,130,115,22,12,11,11,327,45,52,39,1
170,121,118,137,471,146,133,121,22,12,12,11,322,47,45,38,1
177,126,121,141,439,163,137,136,21,13,12,12,310,46,49,47,1
180,127,123,143,377,189,163,162,19,14,13,13,274,55,51,51,1
176,125,123,141,331,201,189,173,18,14,14,13,245,53,58,55,1
176,125,123,140,240,256,238,211,15,16,15,15,178,64,76,64,1
171,121,119,136,171,331,289,265,13,18,17,16,57,72,70,70,1
158,115,112,128,166,355,283,269,13,19,17,16,47,84,63,63,1
137,100,96,110,183,284,262,240,14,17,16,15,65,93,77,66,1
126,90,85,101,252,304,286,262,16,17,17,16,89,64,63,66,1
114,77,74,89,244,289,267,252,16,17,16,16,79,82,76,66,1
111,72,72,85,330,417,308,366,18,20,18,19,98,101,75,101,1
109,68,69,82,278,379,278,293,17,19,17,17,105,103,97,103,1
111,72,70,84,411,558,432,447,20,24,21,21,123,132,103,108,1
108,69,69,82,353,460,326,360,19,21,18,19,169,123,84,111,1
110,71,68,83,387,504,404,405,20,22,20,20,163,118,106,108,1
111,70,70,84,327,402,321,338,18,20,18,18,166,104,107,99,1
106,67,64,79,279,388,336,328,17,20,18,18,114,113,103,130,1
114,75,72,87,419,595,500,526,20,24,22,23,100,114,100,114,1
106,67,64,79,230,346,288,284,15,19,17,17,97,93,92,95,1
110,73,70,84,274,350,352,303,17,19,19,17,91,91,94,90,1
111,72,71,85,269,320,292,280,16,18,17,17,96,94,74,85,1
109,69,71,82,411,369,334,301,20,19,18,17,217,102,98,111,1
105,65,67,77,311,455,336,377,18,21,18,19,99,104,81,103,1
106,65,66,77,340,481,377,402,18,22,19,20,104,118,86,105,1
94,58,59,68,233,332,239,289,15,18,15,17,83,92,63,91,1
100,60,60,71,286,450,342,377,17,21,18,19,89,100,79,111,1
98,60,61,71,267,431,342,360,16,21,18,19,88,102,88,104,1
92,57,58,66,100,203,164,159,10,14,13,13,44,96,73,95,1
96,58,58,69,211,377,308,310,15,19,18,18,78,106,81,110,1
106,65,66,78,459,491,451,380,21,22,21,19,238,124,104,130,1
106,65,66,78,461,483,460,375,21,22,21,19,230,115,117,99,1
103,63,66,76,317,487,418,385,18,22,20,20,90,126,120,110,1
103,62,64,74,301,502,449,391,17,22,21,20,76,112,112,124,1
102,62,64,75,294,448,403,348,17,21,20,19,123,141,116,108,1
102,63,64,75,326,375,316,296,18,19,18,17,185,95,82,85,1
102,63,64,76,348,407,351,308,19,20,19,18,189,112,88,90,1
102,62,63,75,278,378,347,283,17,19,19,17,151,107,95,89,1
107,66,65,79,317,381,357,305,18,20,19,17,180,79,87,77,1
106,66,64,79,308,343,369,279,18,19,19,17,180,86,103,76,1
110,73,69,84,394,394,401,357,20,20,20,19,148,91,103,83,1
